Symbol,Security,GICS Sector,GICS Sub-Industry,Headquarters Location,Date added,CIK,Founded,link,wiki_link
MMM,3M,Industrials,Industrial Conglomerates,"Saint Paul, Minnesota",1957-03-04,66740,1902,/wiki/3M,https://en.wikipedia.org/wiki/3M
AOS,A. O. Smith,Industrials,Building Products,"Milwaukee, Wisconsin",2017-07-26,91142,1916,/wiki/A._O._Smith,https://en.wikipedia.org/wiki/A._O._Smith
ABT,Abbott Laboratories,Health Care,Health Care Equipment,"North Chicago, Illinois",1957-03-04,1800,1888,/wiki/Abbott_Laboratories,https://en.wikipedia.org/wiki/Abbott_Laboratories
ABBV,AbbVie,Health Care,Biotechnology,"North Chicago, Illinois",2012-12-31,1551152,2013 (1888),/wiki/AbbVie,https://en.wikipedia.org/wiki/AbbVie
ACN,Accenture,Information Technology,IT Consulting & Other Services,"Dublin, Ireland",2011-07-06,1467373,1989,/wiki/Accenture,https://en.wikipedia.org/wiki/Accenture
ADBE,Adobe Inc.,Information Technology,Application Software,"San Jose, California",1997-05-05,796343,1982,/wiki/Adobe_Inc.,https://en.wikipedia.org/wiki/Adobe_Inc.
AMD,Advanced Micro Devices,Information Technology,Semiconductors,"Santa Clara, California",2017-03-20,2488,1969,/wiki/AMD,https://en.wikipedia.org/wiki/AMD
AES,AES Corporation,Utilities,Independent Power Producers & Energy Traders,"Arlington, Virginia",1998-10-02,874761,1981,/wiki/AES_Corporation,https://en.wikipedia.org/wiki/AES_Corporation
AFL,Aflac,Financials,Life & Health Insurance,"Columbus, Georgia",1999-05-28,4977,1955,/wiki/Aflac,https://en.wikipedia.org/wiki/Aflac
A,Agilent Technologies,Health Care,Life Sciences Tools & Services,"Santa Clara, California",2000-06-05,1090872,1999,/wiki/Agilent_Technologies,https://en.wikipedia.org/wiki/Agilent_Technologies
APD,Air Products,Materials,Industrial Gases,"Allentown, Pennsylvania",1985-04-30,2969,1940,/wiki/Air_Products,https://en.wikipedia.org/wiki/Air_Products
ABNB,Airbnb,Consumer Discretionary,"Hotels, Resorts & Cruise Lines","San Francisco, California",2023-09-18,1559720,2008,/wiki/Airbnb,https://en.wikipedia.org/wiki/Airbnb
AKAM,Akamai Technologies,Information Technology,Internet Services & Infrastructure,"Cambridge, Massachusetts",2007-07-12,1086222,1998,/wiki/Akamai_Technologies,https://en.wikipedia.org/wiki/Akamai_Technologies
ALB,Albemarle Corporation,Materials,Specialty Chemicals,"Charlotte, North Carolina",2016-07-01,915913,1994,/wiki/Albemarle_Corporation,https://en.wikipedia.org/wiki/Albemarle_Corporation
ARE,Alexandria Real Estate Equities,Real Estate,Office REITs,"Pasadena, California",2017-03-20,1035443,1994,/wiki/Alexandria_Real_Estate_Equities,https://en.wikipedia.org/wiki/Alexandria_Real_Estate_Equities
ALGN,Align Technology,Health Care,Health Care Supplies,"Tempe, Arizona",2017-06-19,1097149,1997,/wiki/Align_Technology,https://en.wikipedia.org/wiki/Align_Technology
ALLE,Allegion,Industrials,Building Products,"Dublin, Ireland",2013-12-02,1579241,1908,/wiki/Allegion,https://en.wikipedia.org/wiki/Allegion
LNT,Alliant Energy,Utilities,Electric Utilities,"Madison, Wisconsin",2016-07-01,352541,1917,/wiki/Alliant_Energy,https://en.wikipedia.org/wiki/Alliant_Energy
ALL,Allstate,Financials,Property & Casualty Insurance,"Northbrook, Illinois",1995-07-13,899051,1931,/wiki/Allstate,https://en.wikipedia.org/wiki/Allstate
GOOGL,Alphabet Inc. (Class A),Communication Services,Interactive Media & Services,"Mountain View, California",2014-04-03,1652044,1998,/wiki/Alphabet_Inc.,https://en.wikipedia.org/wiki/Alphabet_Inc.
GOOG,Alphabet Inc. (Class C),Communication Services,Interactive Media & Services,"Mountain View, California",2006-04-03,1652044,1998,/wiki/Alphabet_Inc.,https://en.wikipedia.org/wiki/Alphabet_Inc.
MO,Altria,Consumer Staples,Tobacco,"Richmond, Virginia",1957-03-04,764180,1985,/wiki/Altria,https://en.wikipedia.org/wiki/Altria
AMZN,Amazon,Consumer Discretionary,Broadline Retail,"Seattle, Washington",2005-11-18,1018724,1994,/wiki/Amazon_(company),https://en.wikipedia.org/wiki/Amazon_(company)
AMCR,Amcor,Materials,Paper & Plastic Packaging Products & Materials,"Warmley, Bristol, United Kingdom",2019-06-07,1748790,2019 (1860),/wiki/Amcor,https://en.wikipedia.org/wiki/Amcor
AEE,Ameren,Utilities,Multi-Utilities,"St. Louis, Missouri",1991-09-19,1002910,1902,/wiki/Ameren,https://en.wikipedia.org/wiki/Ameren
AAL,American Airlines Group,Industrials,Passenger Airlines,"Fort Worth, Texas",2015-03-23,6201,1934,/wiki/American_Airlines_Group,https://en.wikipedia.org/wiki/American_Airlines_Group
AEP,American Electric Power,Utilities,Electric Utilities,"Columbus, Ohio",1957-03-04,4904,1906,/wiki/American_Electric_Power,https://en.wikipedia.org/wiki/American_Electric_Power
AXP,American Express,Financials,Consumer Finance,"New York City, New York",1976-06-30,4962,1850,/wiki/American_Express,https://en.wikipedia.org/wiki/American_Express
AIG,American International Group,Financials,Multi-line Insurance,"New York City, New York",1980-03-31,5272,1919,/wiki/American_International_Group,https://en.wikipedia.org/wiki/American_International_Group
AMT,American Tower,Real Estate,Telecom Tower REITs,"Boston, Massachusetts",2007-11-19,1053507,1995,/wiki/American_Tower,https://en.wikipedia.org/wiki/American_Tower
AWK,American Water Works,Utilities,Water Utilities,"Camden, New Jersey",2016-03-04,1410636,1886,/wiki/American_Water_Works,https://en.wikipedia.org/wiki/American_Water_Works
AMP,Ameriprise Financial,Financials,Asset Management & Custody Banks,"Minneapolis, Minnesota",2005-10-03,820027,1894,/wiki/Ameriprise_Financial,https://en.wikipedia.org/wiki/Ameriprise_Financial
AME,Ametek,Industrials,Electrical Components & Equipment,"Berwyn, Pennsylvania",2013-09-23,1037868,1930,/wiki/Ametek,https://en.wikipedia.org/wiki/Ametek
AMGN,Amgen,Health Care,Biotechnology,"Thousand Oaks, California",1992-01-02,318154,1980,/wiki/Amgen,https://en.wikipedia.org/wiki/Amgen
APH,Amphenol,Information Technology,Electronic Components,"Wallingford, Connecticut",2008-09-30,820313,1932,/wiki/Amphenol,https://en.wikipedia.org/wiki/Amphenol
ADI,Analog Devices,Information Technology,Semiconductors,"Wilmington, Massachusetts",1999-10-12,6281,1965,/wiki/Analog_Devices,https://en.wikipedia.org/wiki/Analog_Devices
ANSS,Ansys,Information Technology,Application Software,"Canonsburg, Pennsylvania",2017-06-19,1013462,1969,/wiki/Ansys,https://en.wikipedia.org/wiki/Ansys
AON,Aon,Financials,Insurance Brokers,"London, UK",1996-04-23,315293,1982 (1919),/wiki/Aon_(company),https://en.wikipedia.org/wiki/Aon_(company)
APA,APA Corporation,Energy,Oil & Gas Exploration & Production,"Houston, Texas",1997-07-28,1841666,1954,/wiki/APA_Corporation,https://en.wikipedia.org/wiki/APA_Corporation
AAPL,Apple Inc.,Information Technology,"Technology Hardware, Storage & Peripherals","Cupertino, California",1982-11-30,320193,1977,/wiki/Apple_Inc.,https://en.wikipedia.org/wiki/Apple_Inc.
AMAT,Applied Materials,Information Technology,Semiconductor Materials & Equipment,"Santa Clara, California",1995-03-16,6951,1967,/wiki/Applied_Materials,https://en.wikipedia.org/wiki/Applied_Materials
APTV,Aptiv,Consumer Discretionary,Automotive Parts & Equipment,"Dublin, Ireland",2012-12-24,1521332,1994,/wiki/Aptiv,https://en.wikipedia.org/wiki/Aptiv
ACGL,Arch Capital Group,Financials,Property & Casualty Insurance,"Hamilton, Bermuda",2022-11-01,947484,1995,/wiki/Arch_Capital_Group,https://en.wikipedia.org/wiki/Arch_Capital_Group
ADM,Archer Daniels Midland,Consumer Staples,Agricultural Products & Services,"Chicago, Illinois",1957-03-04,7084,1902,/wiki/Archer_Daniels_Midland,https://en.wikipedia.org/wiki/Archer_Daniels_Midland
ANET,Arista Networks,Information Technology,Communications Equipment,"Santa Clara, California",2018-08-28,1596532,2004,/wiki/Arista_Networks,https://en.wikipedia.org/wiki/Arista_Networks
AJG,Arthur J. Gallagher & Co.,Financials,Insurance Brokers,"Rolling Meadows, Illinois",2016-05-31,354190,1927,/wiki/Arthur_J._Gallagher_%26_Co.,https://en.wikipedia.org/wiki/Arthur_J._Gallagher_%26_Co.
AIZ,Assurant,Financials,Multi-line Insurance,"Atlanta, Georgia",2007-04-10,1267238,1892,/wiki/Assurant,https://en.wikipedia.org/wiki/Assurant
T,AT&T,Communication Services,Integrated Telecommunication Services,"Dallas, Texas",1983-11-30,732717,1983 (1885),/wiki/AT%26T,https://en.wikipedia.org/wiki/AT%26T
ATO,Atmos Energy,Utilities,Gas Utilities,"Dallas, Texas",2019-02-15,731802,1906,/wiki/Atmos_Energy,https://en.wikipedia.org/wiki/Atmos_Energy
ADSK,Autodesk,Information Technology,Application Software,"San Francisco, California",1989-12-01,769397,1982,/wiki/Autodesk,https://en.wikipedia.org/wiki/Autodesk
ADP,Automatic Data Processing,Industrials,Human Resource & Employment Services,"Roseland, New Jersey",1981-03-31,8670,1949,/wiki/ADP_(company),https://en.wikipedia.org/wiki/ADP_(company)
AZO,AutoZone,Consumer Discretionary,Automotive Retail,"Memphis, Tennessee",1997-01-02,866787,1979,/wiki/AutoZone,https://en.wikipedia.org/wiki/AutoZone
AVB,AvalonBay Communities,Real Estate,Multi-Family Residential REITs,"Arlington, Virginia",2007-01-10,915912,1978,/wiki/AvalonBay_Communities,https://en.wikipedia.org/wiki/AvalonBay_Communities
AVY,Avery Dennison,Materials,Paper & Plastic Packaging Products & Materials,"Mentor, Ohio",1987-12-31,8818,1990,/wiki/Avery_Dennison,https://en.wikipedia.org/wiki/Avery_Dennison
AXON,Axon Enterprise,Industrials,Aerospace & Defense,"Scottsdale, Arizona",2023-05-04,1069183,1993,/wiki/Axon_Enterprise,https://en.wikipedia.org/wiki/Axon_Enterprise
BKR,Baker Hughes,Energy,Oil & Gas Equipment & Services,"Houston, Texas",2017-07-07,1701605,2017,/wiki/Baker_Hughes,https://en.wikipedia.org/wiki/Baker_Hughes
BALL,Ball Corporation,Materials,"Metal, Glass & Plastic Containers","Broomfield, Colorado",1984-10-31,9389,1880,/wiki/Ball_Corporation,https://en.wikipedia.org/wiki/Ball_Corporation
BAC,Bank of America,Financials,Diversified Banks,"Charlotte, North Carolina",1976-06-30,70858,1998 (1923 / 1874),/wiki/Bank_of_America,https://en.wikipedia.org/wiki/Bank_of_America
BK,BNY Mellon,Financials,Asset Management & Custody Banks,"New York City, New York",1995-03-31,1390777,1784,/wiki/BNY_Mellon,https://en.wikipedia.org/wiki/BNY_Mellon
BBWI,"Bath & Body Works, Inc.",Consumer Discretionary,Other Specialty Retail,"Columbus, Ohio",1983-09-30,701985,1963,"/wiki/Bath_%26_Body_Works,_Inc.","https://en.wikipedia.org/wiki/Bath_%26_Body_Works,_Inc."
BAX,Baxter International,Health Care,Health Care Equipment,"Deerfield, Illinois",1972-09-30,10456,1931,/wiki/Baxter_International,https://en.wikipedia.org/wiki/Baxter_International
BDX,Becton Dickinson,Health Care,Health Care Equipment,"Franklin Lakes, New Jersey",1972-09-30,10795,1897,/wiki/BD_(company),https://en.wikipedia.org/wiki/BD_(company)
BRK.B,Berkshire Hathaway,Financials,Multi-Sector Holdings,"Omaha, Nebraska",2010-02-16,1067983,1839,/wiki/Berkshire_Hathaway,https://en.wikipedia.org/wiki/Berkshire_Hathaway
BBY,Best Buy,Consumer Discretionary,Computer & Electronics Retail,"Richfield, Minnesota",1999-06-29,764478,1966,/wiki/Best_Buy,https://en.wikipedia.org/wiki/Best_Buy
BIO,Bio-Rad Laboratories,Health Care,Life Sciences Tools & Services,"Hercules, California",2020-06-22,12208,1952,/wiki/Bio-Rad_Laboratories,https://en.wikipedia.org/wiki/Bio-Rad_Laboratories
TECH,Bio-Techne,Health Care,Life Sciences Tools & Services,"Minneapolis, Minnesota",2021-08-30,842023,1976,/wiki/Bio-Techne,https://en.wikipedia.org/wiki/Bio-Techne
BIIB,Biogen,Health Care,Biotechnology,"Cambridge, Massachusetts",2003-11-13,875045,1978,/wiki/Biogen,https://en.wikipedia.org/wiki/Biogen
BLK,BlackRock,Financials,Asset Management & Custody Banks,"New York City, New York",2011-04-04,1364742,1988,/wiki/BlackRock,https://en.wikipedia.org/wiki/BlackRock
BX,Blackstone Inc.,Financials,Asset Management & Custody Banks,"New York City, New York",2023-09-18,1393818,1985,/wiki/Blackstone_Inc.,https://en.wikipedia.org/wiki/Blackstone_Inc.
BA,Boeing,Industrials,Aerospace & Defense,"Arlington, Virginia",1957-03-04,12927,1916,/wiki/Boeing,https://en.wikipedia.org/wiki/Boeing
BKNG,Booking Holdings,Consumer Discretionary,"Hotels, Resorts & Cruise Lines","Norwalk, Connecticut",2009-11-06,1075531,1996,/wiki/Booking_Holdings,https://en.wikipedia.org/wiki/Booking_Holdings
BWA,BorgWarner,Consumer Discretionary,Automotive Parts & Equipment,"Auburn Hills, Michigan",2011-12-19,908255,1880,/wiki/BorgWarner,https://en.wikipedia.org/wiki/BorgWarner
BSX,Boston Scientific,Health Care,Health Care Equipment,"Marlborough, Massachusetts",1995-02-24,885725,1979,/wiki/Boston_Scientific,https://en.wikipedia.org/wiki/Boston_Scientific
BMY,Bristol Myers Squibb,Health Care,Pharmaceuticals,"New York City, New York",1957-03-04,14272,1989 (1887),/wiki/Bristol_Myers_Squibb,https://en.wikipedia.org/wiki/Bristol_Myers_Squibb
AVGO,Broadcom,Information Technology,Semiconductors,"Palo Alto, California",2014-05-08,1730168,1961,/wiki/Broadcom,https://en.wikipedia.org/wiki/Broadcom
BR,Broadridge Financial Solutions,Industrials,Data Processing & Outsourced Services,"Lake Success, New York",2018-06-18,1383312,1962,/wiki/Broadridge_Financial_Solutions,https://en.wikipedia.org/wiki/Broadridge_Financial_Solutions
BRO,Brown & Brown,Financials,Insurance Brokers,"Daytona Beach, Florida",2021-09-20,79282,1939,/wiki/Brown_%26_Brown,https://en.wikipedia.org/wiki/Brown_%26_Brown
BF.B,Brown–Forman,Consumer Staples,Distillers & Vintners,"Louisville, Kentucky",1982-10-31,14693,1870,/wiki/Brown%E2%80%93Forman,https://en.wikipedia.org/wiki/Brown%E2%80%93Forman
BLDR,Builders FirstSource,Industrials,Building Products,"Irving, Texas",2023-12-18,1316835,1998,/wiki/Builders_FirstSource,https://en.wikipedia.org/wiki/Builders_FirstSource
BG,Bunge Global,Consumer Staples,Agricultural Products & Services,"Chesterfield, Missouri",2023-03-15,1996862,1818,/wiki/Bunge_Global,https://en.wikipedia.org/wiki/Bunge_Global
BXP,"BXP, Inc.",Real Estate,Office REITs,"Boston, Massachusetts",2006-04-03,1037540,1970,"/wiki/BXP,_Inc.","https://en.wikipedia.org/wiki/BXP,_Inc."
CHRW,C.H. Robinson,Industrials,Air Freight & Logistics,"Eden Prairie, Minnesota",2007-03-02,1043277,1905,/wiki/C.H._Robinson,https://en.wikipedia.org/wiki/C.H._Robinson
CDNS,Cadence Design Systems,Information Technology,Application Software,"San Jose, California",2017-09-18,813672,1988,/wiki/Cadence_Design_Systems,https://en.wikipedia.org/wiki/Cadence_Design_Systems
CZR,Caesars Entertainment,Consumer Discretionary,Casinos & Gaming,"Reno, Nevada",2021-03-22,1590895,1973,/wiki/Caesars_Entertainment,https://en.wikipedia.org/wiki/Caesars_Entertainment
CPT,Camden Property Trust,Real Estate,Multi-Family Residential REITs,"Houston, Texas",2022-04-04,906345,1981,/wiki/Camden_Property_Trust,https://en.wikipedia.org/wiki/Camden_Property_Trust
CPB,Campbell Soup Company,Consumer Staples,Packaged Foods & Meats,"Camden, New Jersey",1957-03-04,16732,1869,/wiki/Campbell_Soup_Company,https://en.wikipedia.org/wiki/Campbell_Soup_Company
COF,Capital One,Financials,Consumer Finance,"Tysons Corner, Virginia",1998-07-01,927628,1994,/wiki/Capital_One,https://en.wikipedia.org/wiki/Capital_One
CAH,Cardinal Health,Health Care,Health Care Distributors,"Dublin, Ohio",1997-05-27,721371,1971,/wiki/Cardinal_Health,https://en.wikipedia.org/wiki/Cardinal_Health
KMX,CarMax,Consumer Discretionary,Automotive Retail,"Richmond, Virginia",2010-06-28,1170010,1993,/wiki/CarMax,https://en.wikipedia.org/wiki/CarMax
CCL,Carnival,Consumer Discretionary,"Hotels, Resorts & Cruise Lines","Miami, Florida",1998-12-22,815097,1972,/wiki/Carnival_Corporation_%26_plc,https://en.wikipedia.org/wiki/Carnival_Corporation_%26_plc
CARR,Carrier Global,Industrials,Building Products,"Palm Beach Gardens, Florida",2020-04-03,1783180,"2020 (1915, United Technologies spinoff)",/wiki/Carrier_Global,https://en.wikipedia.org/wiki/Carrier_Global
CTLT,Catalent,Health Care,Pharmaceuticals,"Somerset, New Jersey",2020-09-21,1596783,2007,/wiki/Catalent,https://en.wikipedia.org/wiki/Catalent
CAT,Caterpillar Inc.,Industrials,Construction Machinery & Heavy Transportation Equipment,"Irving, Texas",1957-03-04,18230,1925,/wiki/Caterpillar_Inc.,https://en.wikipedia.org/wiki/Caterpillar_Inc.
CBOE,Cboe Global Markets,Financials,Financial Exchanges & Data,"Chicago, Illinois",2017-03-01,1374310,1973,/wiki/Cboe_Global_Markets,https://en.wikipedia.org/wiki/Cboe_Global_Markets
CBRE,CBRE Group,Real Estate,Real Estate Services,"Dallas, Texas",2006-11-10,1138118,1906,/wiki/CBRE_Group,https://en.wikipedia.org/wiki/CBRE_Group
CDW,CDW,Information Technology,Technology Distributors,"Vernon Hills, Illinois",2019-09-23,1402057,1984,/wiki/CDW,https://en.wikipedia.org/wiki/CDW
CE,Celanese,Materials,Specialty Chemicals,"Irving, Texas",2018-12-24,1306830,1918,/wiki/Celanese,https://en.wikipedia.org/wiki/Celanese
COR,Cencora,Health Care,Health Care Distributors,"Conshohocken, Pennsylvania",2001-08-30,1140859,1985,/wiki/Cencora,https://en.wikipedia.org/wiki/Cencora
CNC,Centene Corporation,Health Care,Managed Health Care,"St. Louis, Missouri",2016-03-30,1071739,1984,/wiki/Centene_Corporation,https://en.wikipedia.org/wiki/Centene_Corporation
CNP,CenterPoint Energy,Utilities,Multi-Utilities,"Houston, Texas",1985-07-31,1130310,1882,/wiki/CenterPoint_Energy,https://en.wikipedia.org/wiki/CenterPoint_Energy
CF,CF Industries,Materials,Fertilizers & Agricultural Chemicals,"Deerfield, Illinois",2008-08-27,1324404,1946,/wiki/CF_Industries,https://en.wikipedia.org/wiki/CF_Industries
CRL,Charles River Laboratories,Health Care,Life Sciences Tools & Services,"Wilmington, Massachusetts",2021-05-14,1100682,1947,/wiki/Charles_River_Laboratories,https://en.wikipedia.org/wiki/Charles_River_Laboratories
SCHW,Charles Schwab Corporation,Financials,Investment Banking & Brokerage,"Westlake, Texas",1997-06-02,316709,1971,/wiki/Charles_Schwab_Corporation,https://en.wikipedia.org/wiki/Charles_Schwab_Corporation
CHTR,Charter Communications,Communication Services,Cable & Satellite,"Stamford, Connecticut",2016-09-08,1091667,1993,/wiki/Charter_Communications,https://en.wikipedia.org/wiki/Charter_Communications
CVX,Chevron Corporation,Energy,Integrated Oil & Gas,"San Ramon, California",1957-03-04,93410,1879,/wiki/Chevron_Corporation,https://en.wikipedia.org/wiki/Chevron_Corporation
CMG,Chipotle Mexican Grill,Consumer Discretionary,Restaurants,"Newport Beach, California",2011-04-28,1058090,1993,/wiki/Chipotle_Mexican_Grill,https://en.wikipedia.org/wiki/Chipotle_Mexican_Grill
CB,Chubb Limited,Financials,Property & Casualty Insurance,"Zurich, Switzerland",2010-07-15,896159,1985,/wiki/Chubb_Limited,https://en.wikipedia.org/wiki/Chubb_Limited
CHD,Church & Dwight,Consumer Staples,Household Products,"Ewing, New Jersey",2015-12-29,313927,1847,/wiki/Church_%26_Dwight,https://en.wikipedia.org/wiki/Church_%26_Dwight
CI,Cigna,Health Care,Health Care Services,"Bloomfield, Connecticut",1976-06-30,1739940,1982,/wiki/Cigna,https://en.wikipedia.org/wiki/Cigna
CINF,Cincinnati Financial,Financials,Property & Casualty Insurance,"Fairfield, Ohio",1997-12-18,20286,1950,/wiki/Cincinnati_Financial,https://en.wikipedia.org/wiki/Cincinnati_Financial
CTAS,Cintas,Industrials,Diversified Support Services,"Mason, Ohio",2001-03-01,723254,1929,/wiki/Cintas,https://en.wikipedia.org/wiki/Cintas
CSCO,Cisco,Information Technology,Communications Equipment,"San Jose, California",1993-12-01,858877,1984,/wiki/Cisco,https://en.wikipedia.org/wiki/Cisco
C,Citigroup,Financials,Diversified Banks,"New York City, New York",1988-05-31,831001,1998,/wiki/Citigroup,https://en.wikipedia.org/wiki/Citigroup
CFG,Citizens Financial Group,Financials,Regional Banks,"Providence, Rhode Island",2016-01-29,759944,1828,/wiki/Citizens_Financial_Group,https://en.wikipedia.org/wiki/Citizens_Financial_Group
CLX,Clorox,Consumer Staples,Household Products,"Oakland, California",1969-03-31,21076,1913,/wiki/Clorox,https://en.wikipedia.org/wiki/Clorox
CME,CME Group,Financials,Financial Exchanges & Data,"Chicago, Illinois",2006-08-11,1156375,1848,/wiki/CME_Group,https://en.wikipedia.org/wiki/CME_Group
CMS,CMS Energy,Utilities,Multi-Utilities,"Jackson, Michigan",1957-03-04,811156,1886,/wiki/CMS_Energy,https://en.wikipedia.org/wiki/CMS_Energy
KO,Coca-Cola Company (The),Consumer Staples,Soft Drinks & Non-alcoholic Beverages,"Atlanta, Georgia",1957-03-04,21344,1886,/wiki/The_Coca-Cola_Company,https://en.wikipedia.org/wiki/The_Coca-Cola_Company
CTSH,Cognizant,Information Technology,IT Consulting & Other Services,"Teaneck, New Jersey",2006-11-17,1058290,1994,/wiki/Cognizant,https://en.wikipedia.org/wiki/Cognizant
CL,Colgate-Palmolive,Consumer Staples,Household Products,"New York City, New York",1957-03-04,21665,1806,/wiki/Colgate-Palmolive,https://en.wikipedia.org/wiki/Colgate-Palmolive
CMCSA,Comcast,Communication Services,Cable & Satellite,"Philadelphia, Pennsylvania",2002-11-19,1166691,1963,/wiki/Comcast,https://en.wikipedia.org/wiki/Comcast
CAG,Conagra Brands,Consumer Staples,Packaged Foods & Meats,"Chicago, Illinois",1983-08-31,23217,1919,/wiki/Conagra_Brands,https://en.wikipedia.org/wiki/Conagra_Brands
COP,ConocoPhillips,Energy,Oil & Gas Exploration & Production,"Houston, Texas",1957-03-04,1163165,2002,/wiki/ConocoPhillips,https://en.wikipedia.org/wiki/ConocoPhillips
ED,Consolidated Edison,Utilities,Multi-Utilities,"New York City, New York",1957-03-04,1047862,1823,/wiki/Consolidated_Edison,https://en.wikipedia.org/wiki/Consolidated_Edison
STZ,Constellation Brands,Consumer Staples,Distillers & Vintners,"Rochester, New York",2005-07-01,16918,1945,/wiki/Constellation_Brands,https://en.wikipedia.org/wiki/Constellation_Brands
CEG,Constellation Energy,Utilities,Electric Utilities,"Baltimore, Maryland",2022-02-02,1868275,1999,/wiki/Constellation_Energy,https://en.wikipedia.org/wiki/Constellation_Energy
COO,Cooper Companies (The),Health Care,Health Care Supplies,"San Ramon, California",2016-09-23,711404,1958,/wiki/The_Cooper_Companies,https://en.wikipedia.org/wiki/The_Cooper_Companies
CPRT,Copart,Industrials,Diversified Support Services,"Dallas, Texas",2018-07-02,900075,1982,/wiki/Copart,https://en.wikipedia.org/wiki/Copart
GLW,Corning Inc.,Information Technology,Electronic Components,"Corning, New York",1995-02-27,24741,1851,/wiki/Corning_Inc.,https://en.wikipedia.org/wiki/Corning_Inc.
CPAY,Corpay,Financials,Transaction & Payment Processing Services,"Atlanta, Georgia",2018-06-20,1175454,2000,/wiki/Corpay,https://en.wikipedia.org/wiki/Corpay
CTVA,Corteva,Materials,Fertilizers & Agricultural Chemicals,"Indianapolis, Indiana",2019-06-03,1755672,2019,/wiki/Corteva,https://en.wikipedia.org/wiki/Corteva
CSGP,CoStar Group,Real Estate,Real Estate Services,"Washington, D.C.",2022-09-19,1057352,1987,/wiki/CoStar_Group,https://en.wikipedia.org/wiki/CoStar_Group
COST,Costco,Consumer Staples,Consumer Staples Merchandise Retail,"Issaquah, Washington",1993-10-01,909832,1976,/wiki/Costco,https://en.wikipedia.org/wiki/Costco
CTRA,Coterra,Energy,Oil & Gas Exploration & Production,"Houston, Texas",2008-06-23,858470,2021 (1989),/wiki/Coterra,https://en.wikipedia.org/wiki/Coterra
CRWD,CrowdStrike,Information Technology,Systems Software,"Austin, Texas",2024-06-24,1535527,2011,/wiki/CrowdStrike,https://en.wikipedia.org/wiki/CrowdStrike
CCI,Crown Castle,Real Estate,Telecom Tower REITs,"Houston, Texas",2012-03-14,1051470,1994,/wiki/Crown_Castle,https://en.wikipedia.org/wiki/Crown_Castle
CSX,CSX Corporation,Industrials,Rail Transportation,"Jacksonville, Florida",1957-03-04,277948,1980,/wiki/CSX_Corporation,https://en.wikipedia.org/wiki/CSX_Corporation
CMI,Cummins,Industrials,Construction Machinery & Heavy Transportation Equipment,"Columbus, Indiana",1965-03-31,26172,1919,/wiki/Cummins,https://en.wikipedia.org/wiki/Cummins
CVS,CVS Health,Health Care,Health Care Services,"Woonsocket, Rhode Island",1957-03-04,64803,1996,/wiki/CVS_Health,https://en.wikipedia.org/wiki/CVS_Health
DHR,Danaher Corporation,Health Care,Life Sciences Tools & Services,"Washington, D.C.",1998-11-18,313616,1969,/wiki/Danaher_Corporation,https://en.wikipedia.org/wiki/Danaher_Corporation
DRI,Darden Restaurants,Consumer Discretionary,Restaurants,"Orlando, Florida",1995-05-31,940944,1938,/wiki/Darden_Restaurants,https://en.wikipedia.org/wiki/Darden_Restaurants
DVA,DaVita,Health Care,Health Care Services,"Denver, Colorado",2008-07-31,927066,1979,/wiki/DaVita,https://en.wikipedia.org/wiki/DaVita
DAY,Dayforce,Industrials,Human Resource & Employment Services,"Minneapolis, Minnesota",2021-09-20,1725057,1992,/wiki/Dayforce,https://en.wikipedia.org/wiki/Dayforce
DECK,Deckers Brands,Consumer Discretionary,Footwear,"Goleta, California",2024-03-18,910521,1973,/wiki/Deckers_Brands,https://en.wikipedia.org/wiki/Deckers_Brands
DE,Deere & Company,Industrials,Agricultural & Farm Machinery,"Moline, Illinois",1957-03-04,315189,1837,/wiki/Deere_%26_Company,https://en.wikipedia.org/wiki/Deere_%26_Company
DAL,Delta Air Lines,Industrials,Passenger Airlines,"Atlanta, Georgia",2013-09-11,27904,1929,/wiki/Delta_Air_Lines,https://en.wikipedia.org/wiki/Delta_Air_Lines
DVN,Devon Energy,Energy,Oil & Gas Exploration & Production,"Oklahoma City, Oklahoma",2000-08-30,1090012,1971,/wiki/Devon_Energy,https://en.wikipedia.org/wiki/Devon_Energy
DXCM,Dexcom,Health Care,Health Care Equipment,"San Diego, California",2020-05-12,1093557,1999,/wiki/Dexcom,https://en.wikipedia.org/wiki/Dexcom
FANG,Diamondback Energy,Energy,Oil & Gas Exploration & Production,"Midland, Texas",2018-12-03,1539838,2007,/wiki/Diamondback_Energy,https://en.wikipedia.org/wiki/Diamondback_Energy
DLR,Digital Realty,Real Estate,Data Center REITs,"Austin, Texas",2016-05-18,1297996,2004,/wiki/Digital_Realty,https://en.wikipedia.org/wiki/Digital_Realty
DFS,Discover Financial,Financials,Consumer Finance,"Riverwoods, Illinois",2007-07-02,1393612,1985,/wiki/Discover_Financial,https://en.wikipedia.org/wiki/Discover_Financial
DG,Dollar General,Consumer Staples,Consumer Staples Merchandise Retail,"Goodlettsville, Tennessee",2012-12-03,29534,1939,/wiki/Dollar_General,https://en.wikipedia.org/wiki/Dollar_General
DLTR,Dollar Tree,Consumer Staples,Consumer Staples Merchandise Retail,"Chesapeake, Virginia",2011-12-19,935703,1986,/wiki/Dollar_Tree,https://en.wikipedia.org/wiki/Dollar_Tree
D,Dominion Energy,Utilities,Multi-Utilities,"Richmond, Virginia",2016-11-30,715957,1983,/wiki/Dominion_Energy,https://en.wikipedia.org/wiki/Dominion_Energy
DPZ,Domino's,Consumer Discretionary,Restaurants,"Ann Arbor, Michigan",2020-05-12,1286681,1960,/wiki/Domino%27s,https://en.wikipedia.org/wiki/Domino%27s
DOV,Dover Corporation,Industrials,Industrial Machinery & Supplies & Components,"Downers Grove, Illinois",1985-10-31,29905,1955,/wiki/Dover_Corporation,https://en.wikipedia.org/wiki/Dover_Corporation
DOW,Dow Inc.,Materials,Commodity Chemicals,"Midland, Michigan",2019-04-01,1751788,2019 (1897),/wiki/Dow_Inc.,https://en.wikipedia.org/wiki/Dow_Inc.
DHI,DR Horton,Consumer Discretionary,Homebuilding,"Arlington, Texas",2005-06-22,882184,1978,/wiki/DR_Horton,https://en.wikipedia.org/wiki/DR_Horton
DTE,DTE Energy,Utilities,Multi-Utilities,"Detroit, Michigan",1957-03-04,936340,1995,/wiki/DTE_Energy,https://en.wikipedia.org/wiki/DTE_Energy
DUK,Duke Energy,Utilities,Electric Utilities,"Charlotte, North Carolina",1976-06-30,1326160,1904,/wiki/Duke_Energy,https://en.wikipedia.org/wiki/Duke_Energy
DD,DuPont,Materials,Specialty Chemicals,"Wilmington, Delaware",2019-04-02,1666700,2017 (1802),/wiki/DuPont,https://en.wikipedia.org/wiki/DuPont
EMN,Eastman Chemical Company,Materials,Specialty Chemicals,"Kingsport, Tennessee",1994-01-01,915389,1920,/wiki/Eastman_Chemical_Company,https://en.wikipedia.org/wiki/Eastman_Chemical_Company
ETN,Eaton Corporation,Industrials,Electrical Components & Equipment,"Dublin, Ireland",1957-03-04,1551182,1911,/wiki/Eaton_Corporation,https://en.wikipedia.org/wiki/Eaton_Corporation
EBAY,eBay,Consumer Discretionary,Broadline Retail,"San Jose, California",2002-07-22,1065088,1995,/wiki/EBay,https://en.wikipedia.org/wiki/EBay
ECL,Ecolab,Materials,Specialty Chemicals,"Saint Paul, Minnesota",1989-01-31,31462,1923,/wiki/Ecolab,https://en.wikipedia.org/wiki/Ecolab
EIX,Edison International,Utilities,Electric Utilities,"Rosemead, California",1957-03-04,827052,1886,/wiki/Edison_International,https://en.wikipedia.org/wiki/Edison_International
EW,Edwards Lifesciences,Health Care,Health Care Equipment,"Irvine, California",2011-04-01,1099800,1958,/wiki/Edwards_Lifesciences,https://en.wikipedia.org/wiki/Edwards_Lifesciences
EA,Electronic Arts,Communication Services,Interactive Home Entertainment,"Redwood City, California",2002-07-22,712515,1982,/wiki/Electronic_Arts,https://en.wikipedia.org/wiki/Electronic_Arts
ELV,Elevance Health,Health Care,Managed Health Care,"Indianapolis, Indiana",2002-07-25,1156039,2014 (1946),/wiki/Elevance_Health,https://en.wikipedia.org/wiki/Elevance_Health
EMR,Emerson Electric,Industrials,Electrical Components & Equipment,"Ferguson, Missouri",1965-03-31,32604,1890,/wiki/Emerson_Electric,https://en.wikipedia.org/wiki/Emerson_Electric
ENPH,Enphase,Information Technology,Semiconductor Materials & Equipment,"Fremont, California",2021-01-07,1463101,2006,/wiki/Enphase,https://en.wikipedia.org/wiki/Enphase
ETR,Entergy,Utilities,Electric Utilities,"New Orleans, Louisiana",1957-03-04,65984,1913,/wiki/Entergy,https://en.wikipedia.org/wiki/Entergy
EOG,EOG Resources,Energy,Oil & Gas Exploration & Production,"Houston, Texas",2000-11-02,821189,1999,/wiki/EOG_Resources,https://en.wikipedia.org/wiki/EOG_Resources
EPAM,EPAM Systems,Information Technology,IT Consulting & Other Services,"Newtown, Pennsylvania",2021-12-14,1352010,1993,/wiki/EPAM_Systems,https://en.wikipedia.org/wiki/EPAM_Systems
EQT,EQT Corporation,Energy,Oil & Gas Exploration & Production,"Pittsburgh, Pennsylvania",2022-10-03,33213,1888,/wiki/EQT_Corporation,https://en.wikipedia.org/wiki/EQT_Corporation
EFX,Equifax,Industrials,Research & Consulting Services,"Atlanta, Georgia",1997-06-19,33185,1899,/wiki/Equifax,https://en.wikipedia.org/wiki/Equifax
EQIX,Equinix,Real Estate,Data Center REITs,"Redwood City, California",2015-03-20,1101239,1998,/wiki/Equinix,https://en.wikipedia.org/wiki/Equinix
EQR,Equity Residential,Real Estate,Multi-Family Residential REITs,"Chicago, Illinois",2001-12-03,906107,1969,/wiki/Equity_Residential,https://en.wikipedia.org/wiki/Equity_Residential
ESS,Essex Property Trust,Real Estate,Multi-Family Residential REITs,"San Mateo, California",2014-04-02,920522,1971,/wiki/Essex_Property_Trust,https://en.wikipedia.org/wiki/Essex_Property_Trust
EL,Estée Lauder Companies (The),Consumer Staples,Personal Care Products,"New York City, New York",2006-01-05,1001250,1946,/wiki/The_Est%C3%A9e_Lauder_Companies,https://en.wikipedia.org/wiki/The_Est%C3%A9e_Lauder_Companies
ETSY,Etsy,Consumer Discretionary,Broadline Retail,"New York City, New York",2020-09-21,1370637,2005,/wiki/Etsy,https://en.wikipedia.org/wiki/Etsy
EG,Everest Re,Financials,Reinsurance,"Hamilton, Bermuda",2017-06-19,1095073,1973,/wiki/Everest_Re,https://en.wikipedia.org/wiki/Everest_Re
EVRG,Evergy,Utilities,Electric Utilities,"Kansas City, Missouri",2018-06-05,1711269,1909,/wiki/Evergy,https://en.wikipedia.org/wiki/Evergy
ES,Eversource,Utilities,Electric Utilities,"Hartford, Connecticut",2009-07-24,72741,1966,/wiki/Eversource,https://en.wikipedia.org/wiki/Eversource
EXC,Exelon,Utilities,Electric Utilities,"Chicago, Illinois",1957-03-04,1109357,2000,/wiki/Exelon,https://en.wikipedia.org/wiki/Exelon
EXPE,Expedia Group,Consumer Discretionary,"Hotels, Resorts & Cruise Lines","Seattle, Washington",2007-10-02,1324424,1996,/wiki/Expedia_Group,https://en.wikipedia.org/wiki/Expedia_Group
EXPD,Expeditors International,Industrials,Air Freight & Logistics,"Seattle, Washington",2007-10-10,746515,1979,/wiki/Expeditors_International,https://en.wikipedia.org/wiki/Expeditors_International
EXR,Extra Space Storage,Real Estate,Self-Storage REITs,"Salt Lake City, Utah",2016-01-19,1289490,1977,/wiki/Extra_Space_Storage,https://en.wikipedia.org/wiki/Extra_Space_Storage
XOM,ExxonMobil,Energy,Integrated Oil & Gas,"Irving, Texas",1957-03-04,34088,1999,/wiki/ExxonMobil,https://en.wikipedia.org/wiki/ExxonMobil
FFIV,"F5, Inc.",Information Technology,Communications Equipment,"Seattle, Washington",2010-12-20,1048695,1996,"/wiki/F5,_Inc.","https://en.wikipedia.org/wiki/F5,_Inc."
FDS,FactSet,Financials,Financial Exchanges & Data,"Norwalk, Connecticut",2021-12-20,1013237,1978,/wiki/FactSet,https://en.wikipedia.org/wiki/FactSet
FICO,Fair Isaac,Information Technology,Application Software,"Bozeman, Montana",2023-03-20,814547,1956,/wiki/FICO,https://en.wikipedia.org/wiki/FICO
FAST,Fastenal,Industrials,Trading Companies & Distributors,"Winona, Minnesota",2008-09-15,815556,1967,/wiki/Fastenal,https://en.wikipedia.org/wiki/Fastenal
FRT,Federal Realty,Real Estate,Retail REITs,"Rockville, Maryland",2016-02-01,34903,1962,/wiki/Federal_Realty,https://en.wikipedia.org/wiki/Federal_Realty
FDX,FedEx,Industrials,Air Freight & Logistics,"Memphis, Tennessee",1980-12-31,1048911,1971,/wiki/FedEx,https://en.wikipedia.org/wiki/FedEx
FIS,Fidelity National Information Services,Financials,Transaction & Payment Processing Services,"Jacksonville, Florida",2006-11-10,1136893,1968,/wiki/FIS_(company),https://en.wikipedia.org/wiki/FIS_(company)
FITB,Fifth Third Bank,Financials,Diversified Banks,"Cincinnati, Ohio",1996-03-29,35527,1858,/wiki/Fifth_Third_Bank,https://en.wikipedia.org/wiki/Fifth_Third_Bank
FSLR,First Solar,Information Technology,Semiconductors,"Tempe, Arizona",2022-12-19,1274494,1999,/wiki/First_Solar,https://en.wikipedia.org/wiki/First_Solar
FE,FirstEnergy,Utilities,Electric Utilities,"Akron, Ohio",1997-11-28,1031296,1997,/wiki/FirstEnergy,https://en.wikipedia.org/wiki/FirstEnergy
FI,Fiserv,Financials,Transaction & Payment Processing Services,"Brookfield, Wisconsin",2001-04-02,798354,1984,/wiki/Fiserv,https://en.wikipedia.org/wiki/Fiserv
FMC,FMC Corporation,Materials,Fertilizers & Agricultural Chemicals,"Philadelphia, Pennsylvania",2009-08-19,37785,1883,/wiki/FMC_Corporation,https://en.wikipedia.org/wiki/FMC_Corporation
F,Ford Motor Company,Consumer Discretionary,Automobile Manufacturers,"Dearborn, Michigan",1957-03-04,37996,1903,/wiki/Ford_Motor_Company,https://en.wikipedia.org/wiki/Ford_Motor_Company
FTNT,Fortinet,Information Technology,Systems Software,"Sunnyvale, California",2018-10-11,1262039,2000,/wiki/Fortinet,https://en.wikipedia.org/wiki/Fortinet
FTV,Fortive,Industrials,Industrial Machinery & Supplies & Components,"Everett, Washington",2016-07-01,1659166,2016,/wiki/Fortive,https://en.wikipedia.org/wiki/Fortive
FOXA,Fox Corporation (Class A),Communication Services,Broadcasting,"New York City, New York",2019-03-04,1754301,2019,/wiki/Fox_Corporation,https://en.wikipedia.org/wiki/Fox_Corporation
FOX,Fox Corporation (Class B),Communication Services,Broadcasting,"New York City, New York",2019-03-04,1754301,2019,/wiki/Fox_Corporation,https://en.wikipedia.org/wiki/Fox_Corporation
BEN,Franklin Templeton,Financials,Asset Management & Custody Banks,"San Mateo, California",1998-04-30,38777,1947,/wiki/Franklin_Templeton,https://en.wikipedia.org/wiki/Franklin_Templeton
FCX,Freeport-McMoRan,Materials,Copper,"Phoenix, Arizona",2011-07-01,831259,1912,/wiki/Freeport-McMoRan,https://en.wikipedia.org/wiki/Freeport-McMoRan
GRMN,Garmin,Consumer Discretionary,Consumer Electronics,"Schaffhausen, Switzerland",2012-12-12,1121788,1989,/wiki/Garmin,https://en.wikipedia.org/wiki/Garmin
IT,Gartner,Information Technology,IT Consulting & Other Services,"Stamford, Connecticut",2017-04-05,749251,1979,/wiki/Gartner,https://en.wikipedia.org/wiki/Gartner
GE,GE Aerospace,Industrials,Aerospace & Defense,"Evendale, Ohio",1957-03-04,40545,1892,/wiki/GE_Aerospace,https://en.wikipedia.org/wiki/GE_Aerospace
GEHC,GE HealthCare,Health Care,Health Care Equipment,"Chicago, Illinois",2023-01-04,1932393,1994,/wiki/GE_HealthCare,https://en.wikipedia.org/wiki/GE_HealthCare
GEV,GE Vernova,Industrials,Heavy Electrical Equipment,"Cambridge, Massachusetts",2024-04-02,1996810,2024,/wiki/GE_Vernova,https://en.wikipedia.org/wiki/GE_Vernova
GEN,Gen Digital,Information Technology,Systems Software,"Tempe, Arizona",2003-03-25,849399,1982,/wiki/Gen_Digital,https://en.wikipedia.org/wiki/Gen_Digital
GNRC,Generac,Industrials,Electrical Components & Equipment,"Waukesha, Wisconsin",2021-03-22,1474735,1959,/wiki/Generac,https://en.wikipedia.org/wiki/Generac
GD,General Dynamics,Industrials,Aerospace & Defense,"Falls Church, Virginia",1957-03-04,40533,1899,/wiki/General_Dynamics,https://en.wikipedia.org/wiki/General_Dynamics
GIS,General Mills,Consumer Staples,Packaged Foods & Meats,"Golden Valley, Minnesota",1957-03-04,40704,1856,/wiki/General_Mills,https://en.wikipedia.org/wiki/General_Mills
GM,General Motors,Consumer Discretionary,Automobile Manufacturers,"Detroit, Michigan",2013-06-06,1467858,1908,/wiki/General_Motors,https://en.wikipedia.org/wiki/General_Motors
GPC,Genuine Parts Company,Consumer Discretionary,Distributors,"Atlanta, Georgia",1973-12-31,40987,1925,/wiki/Genuine_Parts_Company,https://en.wikipedia.org/wiki/Genuine_Parts_Company
GILD,Gilead Sciences,Health Care,Biotechnology,"Foster City, California",2004-07-01,882095,1987,/wiki/Gilead_Sciences,https://en.wikipedia.org/wiki/Gilead_Sciences
GPN,Global Payments,Financials,Transaction & Payment Processing Services,"Atlanta, Georgia",2016-04-25,1123360,2000,/wiki/Global_Payments,https://en.wikipedia.org/wiki/Global_Payments
GL,Globe Life,Financials,Life & Health Insurance,"McKinney, Texas",1989-04-30,320335,1900,/wiki/Globe_Life,https://en.wikipedia.org/wiki/Globe_Life
GDDY,GoDaddy,Information Technology,Internet Services & Infrastructure,"Tempe, Arizona",2024-06-24,1609711,1997,/wiki/GoDaddy,https://en.wikipedia.org/wiki/GoDaddy
GS,Goldman Sachs,Financials,Investment Banking & Brokerage,"New York City, New York",2002-07-22,886982,1869,/wiki/Goldman_Sachs,https://en.wikipedia.org/wiki/Goldman_Sachs
HAL,Halliburton,Energy,Oil & Gas Equipment & Services,"Houston, Texas",1957-03-04,45012,1919,/wiki/Halliburton,https://en.wikipedia.org/wiki/Halliburton
HIG,Hartford (The),Financials,Property & Casualty Insurance,"Hartford, Connecticut",1957-03-04,874766,1810,/wiki/The_Hartford,https://en.wikipedia.org/wiki/The_Hartford
HAS,Hasbro,Consumer Discretionary,Leisure Products,"Pawtucket, Rhode Island",1984-09-30,46080,1923,/wiki/Hasbro,https://en.wikipedia.org/wiki/Hasbro
HCA,HCA Healthcare,Health Care,Health Care Facilities,"Nashville, Tennessee",2015-01-27,860730,1968,/wiki/HCA_Healthcare,https://en.wikipedia.org/wiki/HCA_Healthcare
DOC,Healthpeak Properties,Real Estate,Health Care REITs,"Denver, Colorado",2008-03-31,765880,1985,/wiki/Healthpeak_Properties,https://en.wikipedia.org/wiki/Healthpeak_Properties
HSIC,Henry Schein,Health Care,Health Care Distributors,"Melville, New York",2015-03-17,1000228,1932,/wiki/Henry_Schein,https://en.wikipedia.org/wiki/Henry_Schein
HSY,Hershey Company (The),Consumer Staples,Packaged Foods & Meats,"Hershey, Pennsylvania",1957-03-04,47111,1894,/wiki/The_Hershey_Company,https://en.wikipedia.org/wiki/The_Hershey_Company
HES,Hess Corporation,Energy,Integrated Oil & Gas,"New York City, New York",1984-05-31,4447,1919,/wiki/Hess_Corporation,https://en.wikipedia.org/wiki/Hess_Corporation
HPE,Hewlett Packard Enterprise,Information Technology,"Technology Hardware, Storage & Peripherals","Houston, Texas",2015-11-02,1645590,2015,/wiki/Hewlett_Packard_Enterprise,https://en.wikipedia.org/wiki/Hewlett_Packard_Enterprise
HLT,Hilton Worldwide,Consumer Discretionary,"Hotels, Resorts & Cruise Lines","Tysons Corner, Virginia",2017-06-19,1585689,1919,/wiki/Hilton_Worldwide,https://en.wikipedia.org/wiki/Hilton_Worldwide
HOLX,Hologic,Health Care,Health Care Equipment,"Marlborough, Massachusetts",2016-03-30,859737,1985,/wiki/Hologic,https://en.wikipedia.org/wiki/Hologic
HD,Home Depot (The),Consumer Discretionary,Home Improvement Retail,"Atlanta, Georgia",1988-03-31,354950,1978,/wiki/Home_Depot,https://en.wikipedia.org/wiki/Home_Depot
HON,Honeywell,Industrials,Industrial Conglomerates,"Charlotte, North Carolina",1957-03-04,773840,1906,/wiki/Honeywell,https://en.wikipedia.org/wiki/Honeywell
HRL,Hormel Foods,Consumer Staples,Packaged Foods & Meats,"Austin, Minnesota",2009-03-04,48465,1891,/wiki/Hormel_Foods,https://en.wikipedia.org/wiki/Hormel_Foods
HST,Host Hotels & Resorts,Real Estate,Hotel & Resort REITs,"Bethesda, Maryland",2007-03-20,1070750,1993,/wiki/Host_Hotels_%26_Resorts,https://en.wikipedia.org/wiki/Host_Hotels_%26_Resorts
HWM,Howmet Aerospace,Industrials,Aerospace & Defense,"Pittsburgh, Pennsylvania",2016-10-21,4281,1888,/wiki/Howmet_Aerospace,https://en.wikipedia.org/wiki/Howmet_Aerospace
HPQ,HP Inc.,Information Technology,"Technology Hardware, Storage & Peripherals","Palo Alto, California",1974-12-31,47217,1939 (2015),/wiki/HP_Inc.,https://en.wikipedia.org/wiki/HP_Inc.
HUBB,Hubbell Incorporated,Industrials,Industrial Machinery & Supplies & Components,"Shelton, Connecticut",2023-10-18,48898,1888,/wiki/Hubbell_Incorporated,https://en.wikipedia.org/wiki/Hubbell_Incorporated
HUM,Humana,Health Care,Managed Health Care,"Louisville, Kentucky",2012-12-10,49071,1961,/wiki/Humana,https://en.wikipedia.org/wiki/Humana
HBAN,Huntington Bancshares,Financials,Regional Banks,"Columbus, Ohio; Detroit, Michigan",1997-08-28,49196,1866,/wiki/Huntington_Bancshares,https://en.wikipedia.org/wiki/Huntington_Bancshares
HII,Huntington Ingalls Industries,Industrials,Aerospace & Defense,"Newport News, Virginia",2018-01-03,1501585,2011,/wiki/Huntington_Ingalls_Industries,https://en.wikipedia.org/wiki/Huntington_Ingalls_Industries
IBM,IBM,Information Technology,IT Consulting & Other Services,"Armonk, New York",1957-03-04,51143,1911,/wiki/IBM,https://en.wikipedia.org/wiki/IBM
IEX,IDEX Corporation,Industrials,Industrial Machinery & Supplies & Components,"Lake Forest, Illinois",2019-08-09,832101,1988,/wiki/IDEX_Corporation,https://en.wikipedia.org/wiki/IDEX_Corporation
IDXX,Idexx Laboratories,Health Care,Health Care Equipment,"Westbrook, Maine",2017-01-05,874716,1983,/wiki/Idexx_Laboratories,https://en.wikipedia.org/wiki/Idexx_Laboratories
ITW,Illinois Tool Works,Industrials,Industrial Machinery & Supplies & Components,"Glenview, Illinois",1986-02-28,49826,1912,/wiki/Illinois_Tool_Works,https://en.wikipedia.org/wiki/Illinois_Tool_Works
INCY,Incyte,Health Care,Biotechnology,"Wilmington, Delaware",2017-02-28,879169,1991,/wiki/Incyte,https://en.wikipedia.org/wiki/Incyte
IR,Ingersoll Rand,Industrials,Industrial Machinery & Supplies & Components,"Davidson, North Carolina",2020-03-03,1699150,1859,/wiki/Ingersoll_Rand,https://en.wikipedia.org/wiki/Ingersoll_Rand
PODD,Insulet Corporation,Health Care,Health Care Equipment,"Acton, Massachusetts",2023-03-15,1145197,2000,/w/index.php?title=Insulet_Corporation&action=edit&redlink=1,https://en.wikipedia.org/w/index.php?title=Insulet_Corporation&action=edit&redlink=1
INTC,Intel,Information Technology,Semiconductors,"Santa Clara, California",1976-12-31,50863,1968,/wiki/Intel,https://en.wikipedia.org/wiki/Intel
ICE,Intercontinental Exchange,Financials,Financial Exchanges & Data,"Atlanta, Georgia",2007-09-26,1571949,2000,/wiki/Intercontinental_Exchange,https://en.wikipedia.org/wiki/Intercontinental_Exchange
IFF,International Flavors & Fragrances,Materials,Specialty Chemicals,"New York City, New York",1976-03-31,51253,1958 (1889),/wiki/International_Flavors_%26_Fragrances,https://en.wikipedia.org/wiki/International_Flavors_%26_Fragrances
IP,International Paper,Materials,Paper & Plastic Packaging Products & Materials,"Memphis, Tennessee",1957-03-04,51434,1898,/wiki/International_Paper,https://en.wikipedia.org/wiki/International_Paper
IPG,Interpublic Group of Companies (The),Communication Services,Advertising,"New York City, New York",1992-10-01,51644,1961 (1930),/wiki/The_Interpublic_Group_of_Companies,https://en.wikipedia.org/wiki/The_Interpublic_Group_of_Companies
INTU,Intuit,Information Technology,Application Software,"Mountain View, California",2000-12-05,896878,1983,/wiki/Intuit,https://en.wikipedia.org/wiki/Intuit
ISRG,Intuitive Surgical,Health Care,Health Care Equipment,"Sunnyvale, California",2008-06-02,1035267,1995,/wiki/Intuitive_Surgical,https://en.wikipedia.org/wiki/Intuitive_Surgical
IVZ,Invesco,Financials,Asset Management & Custody Banks,"Atlanta, Georgia",2008-08-21,914208,1935,/wiki/Invesco,https://en.wikipedia.org/wiki/Invesco
INVH,Invitation Homes,Real Estate,Single-Family Residential REITs,"Dallas, Texas",2022-09-19,1687229,2012,/wiki/Invitation_Homes,https://en.wikipedia.org/wiki/Invitation_Homes
IQV,IQVIA,Health Care,Life Sciences Tools & Services,"Durham, North Carolina",2017-08-29,1478242,1982,/wiki/IQVIA,https://en.wikipedia.org/wiki/IQVIA
IRM,Iron Mountain,Real Estate,Other Specialized REITs,"Boston, Massachusetts",2009-01-06,1020569,1951,/wiki/Iron_Mountain_(company),https://en.wikipedia.org/wiki/Iron_Mountain_(company)
JBHT,J.B. Hunt,Industrials,Cargo Ground Transportation,"Lowell, Arkansas",2015-07-01,728535,1961,/wiki/J.B._Hunt,https://en.wikipedia.org/wiki/J.B._Hunt
JBL,Jabil,Information Technology,Electronic Manufacturing Services,"St. Petersburg, Florida",2023-12-18,898293,1966,/wiki/Jabil,https://en.wikipedia.org/wiki/Jabil
JKHY,Jack Henry & Associates,Financials,Transaction & Payment Processing Services,"Monett, Missouri",2018-11-13,779152,1976,/wiki/Jack_Henry_%26_Associates,https://en.wikipedia.org/wiki/Jack_Henry_%26_Associates
J,Jacobs Solutions,Industrials,Construction & Engineering,"Dallas, Texas",2007-10-26,52988,1947,/wiki/Jacobs_Solutions,https://en.wikipedia.org/wiki/Jacobs_Solutions
JNJ,Johnson & Johnson,Health Care,Pharmaceuticals,"New Brunswick, New Jersey",1973-06-30,200406,1886,/wiki/Johnson_%26_Johnson,https://en.wikipedia.org/wiki/Johnson_%26_Johnson
JCI,Johnson Controls,Industrials,Building Products,"Cork, Ireland",2010-08-27,833444,1885,/wiki/Johnson_Controls,https://en.wikipedia.org/wiki/Johnson_Controls
JPM,JPMorgan Chase,Financials,Diversified Banks,"New York City, New York",1975-06-30,19617,2000 (1799 / 1871),/wiki/JPMorgan_Chase,https://en.wikipedia.org/wiki/JPMorgan_Chase
JNPR,Juniper Networks,Information Technology,Communications Equipment,"Sunnyvale, California",2006-06-02,1043604,1996,/wiki/Juniper_Networks,https://en.wikipedia.org/wiki/Juniper_Networks
K,Kellanova,Consumer Staples,Packaged Foods & Meats,"Chicago, Illinois",1989-09-11,55067,1906,/wiki/Kellanova,https://en.wikipedia.org/wiki/Kellanova
KVUE,Kenvue,Consumer Staples,Personal Care Products,"Skillman, New Jersey",2023-08-25,1944048,2022 (Johnson & Johnson spinoff),/wiki/Kenvue,https://en.wikipedia.org/wiki/Kenvue
KDP,Keurig Dr Pepper,Consumer Staples,Soft Drinks & Non-alcoholic Beverages,"Burlington, Massachusetts",2022-06-21,1418135,1981,/wiki/Keurig_Dr_Pepper,https://en.wikipedia.org/wiki/Keurig_Dr_Pepper
KEY,KeyCorp,Financials,Regional Banks,"Cleveland, Ohio",1994-03-01,91576,1825,/wiki/KeyBank,https://en.wikipedia.org/wiki/KeyBank
KEYS,Keysight,Information Technology,Electronic Equipment & Instruments,"Santa Rosa, California",2018-11-06,1601046,2014 (1939),/wiki/Keysight,https://en.wikipedia.org/wiki/Keysight
KMB,Kimberly-Clark,Consumer Staples,Household Products,"Irving, Texas",1957-03-04,55785,1872,/wiki/Kimberly-Clark,https://en.wikipedia.org/wiki/Kimberly-Clark
KIM,Kimco Realty,Real Estate,Retail REITs,"Jericho, New York",2006-04-04,879101,1958,/wiki/Kimco_Realty,https://en.wikipedia.org/wiki/Kimco_Realty
KMI,Kinder Morgan,Energy,Oil & Gas Storage & Transportation,"Houston, Texas",2012-05-25,1506307,1997,/wiki/Kinder_Morgan,https://en.wikipedia.org/wiki/Kinder_Morgan
KKR,KKR,Financials,Asset Management & Custody Banks,"New York City, New York",2024-06-24,1404912,1976,/wiki/Kohlberg_Kravis_Roberts,https://en.wikipedia.org/wiki/Kohlberg_Kravis_Roberts
KLAC,KLA Corporation,Information Technology,Semiconductor Materials & Equipment,"Milpitas, California",1997-09-30,319201,1975/1977 (1997),/wiki/KLA_Corporation,https://en.wikipedia.org/wiki/KLA_Corporation
KHC,Kraft Heinz,Consumer Staples,Packaged Foods & Meats,"Chicago, Illinois; Pittsburgh, Pennsylvania",2015-07-06,1637459,2015 (1869),/wiki/Kraft_Heinz,https://en.wikipedia.org/wiki/Kraft_Heinz
KR,Kroger,Consumer Staples,Food Retail,"Cincinnati, Ohio",1957-03-04,56873,1883,/wiki/Kroger,https://en.wikipedia.org/wiki/Kroger
LHX,L3Harris,Industrials,Aerospace & Defense,"Melbourne, Florida",2008-09-22,202058,"2019 (L3 1997, Harris 1895)",/wiki/L3Harris,https://en.wikipedia.org/wiki/L3Harris
LH,LabCorp,Health Care,Health Care Services,"Burlington, North Carolina",2004-11-01,920148,1978,/wiki/LabCorp,https://en.wikipedia.org/wiki/LabCorp
LRCX,Lam Research,Information Technology,Semiconductor Materials & Equipment,"Fremont, California",2012-06-29,707549,1980,/wiki/Lam_Research,https://en.wikipedia.org/wiki/Lam_Research
LW,Lamb Weston,Consumer Staples,Packaged Foods & Meats,"Eagle, Idaho",2018-12-03,1679273,2016 (1950),/wiki/Lamb_Weston,https://en.wikipedia.org/wiki/Lamb_Weston
LVS,Las Vegas Sands,Consumer Discretionary,Casinos & Gaming,"Las Vegas, Nevada",2019-10-03,1300514,1988,/wiki/Las_Vegas_Sands,https://en.wikipedia.org/wiki/Las_Vegas_Sands
LDOS,Leidos,Industrials,Diversified Support Services,"Reston, Virginia",2019-08-09,1336920,1969,/wiki/Leidos,https://en.wikipedia.org/wiki/Leidos
LEN,Lennar,Consumer Discretionary,Homebuilding,"Miami, Florida",2005-10-04,920760,1954,/wiki/Lennar,https://en.wikipedia.org/wiki/Lennar
LLY,Lilly (Eli),Health Care,Pharmaceuticals,"Indianapolis, Indiana",1970-12-31,59478,1876,/wiki/Eli_Lilly_and_Company,https://en.wikipedia.org/wiki/Eli_Lilly_and_Company
LIN,Linde plc,Materials,Industrial Gases,"Guildford, United Kingdom",1992-07-01,1707925,1879,/wiki/Linde_plc,https://en.wikipedia.org/wiki/Linde_plc
LYV,Live Nation Entertainment,Communication Services,Movies & Entertainment,"Beverly Hills, California",2019-12-23,1335258,2010,/wiki/Live_Nation_Entertainment,https://en.wikipedia.org/wiki/Live_Nation_Entertainment
LKQ,LKQ Corporation,Consumer Discretionary,Distributors,"Chicago, Illinois",2016-05-23,1065696,1998,/wiki/LKQ_Corporation,https://en.wikipedia.org/wiki/LKQ_Corporation
LMT,Lockheed Martin,Industrials,Aerospace & Defense,"Bethesda, Maryland",1957-03-04,936468,1995,/wiki/Lockheed_Martin,https://en.wikipedia.org/wiki/Lockheed_Martin
L,Loews Corporation,Financials,Multi-line Insurance,"New York City, New York",1995-05-31,60086,1959,/wiki/Loews_Corporation,https://en.wikipedia.org/wiki/Loews_Corporation
LOW,Lowe's,Consumer Discretionary,Home Improvement Retail,"Mooresville, North Carolina",1984-02-29,60667,1904/1946/1959,/wiki/Lowe%27s,https://en.wikipedia.org/wiki/Lowe%27s
LULU,Lululemon Athletica,Consumer Discretionary,"Apparel, Accessories & Luxury Goods","Vancouver, Canada",2023-10-18,1397187,1998,/wiki/Lululemon_Athletica,https://en.wikipedia.org/wiki/Lululemon_Athletica
LYB,LyondellBasell,Materials,Specialty Chemicals,"Rotterdam, Netherlands",2012-09-05,1489393,2007,/wiki/LyondellBasell,https://en.wikipedia.org/wiki/LyondellBasell
MTB,M&T Bank,Financials,Regional Banks,"Buffalo, New York",2004-02-23,36270,1856,/wiki/M%26T_Bank,https://en.wikipedia.org/wiki/M%26T_Bank
MRO,Marathon Oil,Energy,Oil & Gas Exploration & Production,"Houston, Texas",1957-03-04,101778,1887,/wiki/Marathon_Oil,https://en.wikipedia.org/wiki/Marathon_Oil
MPC,Marathon Petroleum,Energy,Oil & Gas Refining & Marketing,"Findlay, Ohio",2011-07-01,1510295,2009 (1887),/wiki/Marathon_Petroleum,https://en.wikipedia.org/wiki/Marathon_Petroleum
MKTX,MarketAxess,Financials,Financial Exchanges & Data,"New York City, New York",2019-07-01,1278021,2000,/wiki/MarketAxess,https://en.wikipedia.org/wiki/MarketAxess
MAR,Marriott International,Consumer Discretionary,"Hotels, Resorts & Cruise Lines","Bethesda, Maryland",1998-05-29,1048286,1927,/wiki/Marriott_International,https://en.wikipedia.org/wiki/Marriott_International
MMC,Marsh McLennan,Financials,Insurance Brokers,"New York City, New York",1987-08-31,62709,1905,/wiki/Marsh_McLennan,https://en.wikipedia.org/wiki/Marsh_McLennan
MLM,Martin Marietta Materials,Materials,Construction Materials,"Raleigh, North Carolina",2014-07-02,916076,1993,/wiki/Martin_Marietta_Materials,https://en.wikipedia.org/wiki/Martin_Marietta_Materials
MAS,Masco,Industrials,Building Products,"Livonia, Michigan",1981-06-30,62996,1929,/wiki/Masco,https://en.wikipedia.org/wiki/Masco
MA,Mastercard,Financials,Transaction & Payment Processing Services,"Harrison, New York",2008-07-18,1141391,1966,/wiki/Mastercard,https://en.wikipedia.org/wiki/Mastercard
MTCH,Match Group,Communication Services,Interactive Media & Services,"Dallas, Texas",2021-09-20,891103,1986,/wiki/Match_Group,https://en.wikipedia.org/wiki/Match_Group
MKC,McCormick & Company,Consumer Staples,Packaged Foods & Meats,"Hunt Valley, Maryland",2003-03-20,63754,1889,/wiki/McCormick_%26_Company,https://en.wikipedia.org/wiki/McCormick_%26_Company
MCD,McDonald's,Consumer Discretionary,Restaurants,"Chicago, Illinois",1970-06-30,63908,1940,/wiki/McDonald%27s,https://en.wikipedia.org/wiki/McDonald%27s
MCK,McKesson Corporation,Health Care,Health Care Distributors,"Irving, Texas",1999-01-13,927653,1833,/wiki/McKesson_Corporation,https://en.wikipedia.org/wiki/McKesson_Corporation
MDT,Medtronic,Health Care,Health Care Equipment,"Dublin, Ireland",1986-10-31,1613103,1949,/wiki/Medtronic,https://en.wikipedia.org/wiki/Medtronic
MRK,Merck & Co.,Health Care,Pharmaceuticals,"Kenilworth, New Jersey",1957-03-04,310158,1891,/wiki/Merck_%26_Co.,https://en.wikipedia.org/wiki/Merck_%26_Co.
META,Meta Platforms,Communication Services,Interactive Media & Services,"Menlo Park, California",2013-12-23,1326801,2004,/wiki/Meta_Platforms,https://en.wikipedia.org/wiki/Meta_Platforms
MET,MetLife,Financials,Life & Health Insurance,"New York City, New York",2000-12-11,1099219,1868,/wiki/MetLife,https://en.wikipedia.org/wiki/MetLife
MTD,Mettler Toledo,Health Care,Life Sciences Tools & Services,"Columbus, Ohio",2016-09-06,1037646,1945,/wiki/Mettler_Toledo,https://en.wikipedia.org/wiki/Mettler_Toledo
MGM,MGM Resorts,Consumer Discretionary,Casinos & Gaming,"Paradise, Nevada",2017-07-26,789570,1986,/wiki/MGM_Resorts,https://en.wikipedia.org/wiki/MGM_Resorts
MCHP,Microchip Technology,Information Technology,Semiconductors,"Chandler, Arizona",2007-09-07,827054,1989,/wiki/Microchip_Technology,https://en.wikipedia.org/wiki/Microchip_Technology
MU,Micron Technology,Information Technology,Semiconductors,"Boise, Idaho",1994-09-27,723125,1978,/wiki/Micron_Technology,https://en.wikipedia.org/wiki/Micron_Technology
MSFT,Microsoft,Information Technology,Systems Software,"Redmond, Washington",1994-06-01,789019,1975,/wiki/Microsoft,https://en.wikipedia.org/wiki/Microsoft
MAA,Mid-America Apartment Communities,Real Estate,Multi-Family Residential REITs,"Memphis, Tennessee",2016-12-02,912595,1977,/wiki/Mid-America_Apartment_Communities,https://en.wikipedia.org/wiki/Mid-America_Apartment_Communities
MRNA,Moderna,Health Care,Biotechnology,"Cambridge, Massachusetts",2021-07-21,1682852,2010,/wiki/Moderna,https://en.wikipedia.org/wiki/Moderna
MHK,Mohawk Industries,Consumer Discretionary,Home Furnishings,"Calhoun, Georgia",2013-12-23,851968,1878,/wiki/Mohawk_Industries,https://en.wikipedia.org/wiki/Mohawk_Industries
MOH,Molina Healthcare,Health Care,Managed Health Care,"Long Beach, California",2022-03-02,1179929,1980,/wiki/Molina_Healthcare,https://en.wikipedia.org/wiki/Molina_Healthcare
TAP,Molson Coors Beverage Company,Consumer Staples,Brewers,"Chicago, Illinois",1976-06-30,24545,"2005 (Molson 1786, Coors 1873)",/wiki/Molson_Coors_Beverage_Company,https://en.wikipedia.org/wiki/Molson_Coors_Beverage_Company
MDLZ,Mondelez International,Consumer Staples,Packaged Foods & Meats,"Chicago, Illinois",2012-10-02,1103982,2012,/wiki/Mondelez_International,https://en.wikipedia.org/wiki/Mondelez_International
MPWR,Monolithic Power Systems,Information Technology,Semiconductors,"Kirkland, Washington",2021-02-12,1280452,1997,/wiki/Monolithic_Power_Systems,https://en.wikipedia.org/wiki/Monolithic_Power_Systems
MNST,Monster Beverage,Consumer Staples,Soft Drinks & Non-alcoholic Beverages,"Corona, California",2012-06-28,865752,2012 (1935),/wiki/Monster_Beverage,https://en.wikipedia.org/wiki/Monster_Beverage
MCO,Moody's Corporation,Financials,Financial Exchanges & Data,"New York City, New York",1998-07-01,1059556,1909,/wiki/Moody%27s_Corporation,https://en.wikipedia.org/wiki/Moody%27s_Corporation
MS,Morgan Stanley,Financials,Investment Banking & Brokerage,"New York City, New York",1993-07-29,895421,1935,/wiki/Morgan_Stanley,https://en.wikipedia.org/wiki/Morgan_Stanley
MOS,Mosaic Company (The),Materials,Fertilizers & Agricultural Chemicals,"Tampa, Florida",2011-09-26,1285785,2004 (1865 / 1909),/wiki/The_Mosaic_Company,https://en.wikipedia.org/wiki/The_Mosaic_Company
MSI,Motorola Solutions,Information Technology,Communications Equipment,"Chicago, Illinois",1957-03-04,68505,1928 (2011),/wiki/Motorola_Solutions,https://en.wikipedia.org/wiki/Motorola_Solutions
MSCI,MSCI,Financials,Financial Exchanges & Data,"New York City, New York",2018-04-04,1408198,1969,/wiki/MSCI,https://en.wikipedia.org/wiki/MSCI
NDAQ,"Nasdaq, Inc.",Financials,Financial Exchanges & Data,"New York City, New York",2008-10-22,1120193,1971,"/wiki/Nasdaq,_Inc.","https://en.wikipedia.org/wiki/Nasdaq,_Inc."
NTAP,NetApp,Information Technology,"Technology Hardware, Storage & Peripherals","San Jose, California",1999-06-25,1002047,1992,/wiki/NetApp,https://en.wikipedia.org/wiki/NetApp
NFLX,Netflix,Communication Services,Movies & Entertainment,"Los Gatos, California",2010-12-20,1065280,1997,"/wiki/Netflix,_Inc.","https://en.wikipedia.org/wiki/Netflix,_Inc."
NEM,Newmont,Materials,Gold,"Denver, Colorado",1969-06-30,1164727,1921,/wiki/Newmont,https://en.wikipedia.org/wiki/Newmont
NWSA,News Corp (Class A),Communication Services,Publishing,"New York City, New York",2013-08-01,1564708,2013 (News Corporation 1980),/wiki/News_Corp,https://en.wikipedia.org/wiki/News_Corp
NWS,News Corp (Class B),Communication Services,Publishing,"New York City, New York",2015-09-18,1564708,2013 (News Corporation 1980),/wiki/News_Corp,https://en.wikipedia.org/wiki/News_Corp
NEE,NextEra Energy,Utilities,Multi-Utilities,"Juno Beach, Florida",1976-06-30,753308,1984 (1925),/wiki/NextEra_Energy,https://en.wikipedia.org/wiki/NextEra_Energy
NKE,"Nike, Inc.",Consumer Discretionary,"Apparel, Accessories & Luxury Goods","Washington County, Oregon",1988-11-30,320187,1964,"/wiki/Nike,_Inc.","https://en.wikipedia.org/wiki/Nike,_Inc."
NI,NiSource,Utilities,Multi-Utilities,"Merrillville, Indiana",2000-11-02,1111711,1912,/wiki/NiSource,https://en.wikipedia.org/wiki/NiSource
NDSN,Nordson Corporation,Industrials,Industrial Machinery & Supplies & Components,"Westlake, Ohio",2022-02-15,72331,1935,/wiki/Nordson_Corporation,https://en.wikipedia.org/wiki/Nordson_Corporation
NSC,Norfolk Southern Railway,Industrials,Rail Transportation,"Atlanta, Georgia",1957-03-04,702165,1881/1894 (1980),/wiki/Norfolk_Southern_Railway,https://en.wikipedia.org/wiki/Norfolk_Southern_Railway
NTRS,Northern Trust,Financials,Asset Management & Custody Banks,"Chicago, Illinois",1998-01-30,73124,1889,/wiki/Northern_Trust,https://en.wikipedia.org/wiki/Northern_Trust
NOC,Northrop Grumman,Industrials,Aerospace & Defense,"West Falls Church, Virginia",1957-03-04,1133421,"1994 (Northrop 1939, Grumman 1930)",/wiki/Northrop_Grumman,https://en.wikipedia.org/wiki/Northrop_Grumman
NCLH,Norwegian Cruise Line Holdings,Consumer Discretionary,"Hotels, Resorts & Cruise Lines","Miami, Florida",2017-10-13,1513761,2011 (1966),/wiki/Norwegian_Cruise_Line_Holdings,https://en.wikipedia.org/wiki/Norwegian_Cruise_Line_Holdings
NRG,NRG Energy,Utilities,Independent Power Producers & Energy Traders,"Houston, Texas",2010-01-29,1013871,1992,/wiki/NRG_Energy,https://en.wikipedia.org/wiki/NRG_Energy
NUE,Nucor,Materials,Steel,"Charlotte, North Carolina",1985-04-30,73309,1940,/wiki/Nucor,https://en.wikipedia.org/wiki/Nucor
NVDA,Nvidia,Information Technology,Semiconductors,"Santa Clara, California",2001-11-30,1045810,1993,/wiki/Nvidia,https://en.wikipedia.org/wiki/Nvidia
NVR,"NVR, Inc.",Consumer Discretionary,Homebuilding,"Reston, Virginia",2019-09-26,906163,1980,"/wiki/NVR,_Inc.","https://en.wikipedia.org/wiki/NVR,_Inc."
NXPI,NXP Semiconductors,Information Technology,Semiconductors,"Eindhoven, Netherlands",2021-03-22,1413447,1953,/wiki/NXP_Semiconductors,https://en.wikipedia.org/wiki/NXP_Semiconductors
ORLY,O'Reilly Auto Parts,Consumer Discretionary,Automotive Retail,"Springfield, Missouri",2009-03-27,898173,1957,/wiki/O%27Reilly_Auto_Parts,https://en.wikipedia.org/wiki/O%27Reilly_Auto_Parts
OXY,Occidental Petroleum,Energy,Oil & Gas Exploration & Production,"Houston, Texas",1957-03-04,797468,1920,/wiki/Occidental_Petroleum,https://en.wikipedia.org/wiki/Occidental_Petroleum
ODFL,Old Dominion,Industrials,Cargo Ground Transportation,"Thomasville, North Carolina",2019-12-09,878927,1934,/wiki/Old_Dominion_Freight_Line,https://en.wikipedia.org/wiki/Old_Dominion_Freight_Line
OMC,Omnicom Group,Communication Services,Advertising,"New York City, New York",1997-12-31,29989,1986,/wiki/Omnicom_Group,https://en.wikipedia.org/wiki/Omnicom_Group
ON,ON Semiconductor,Information Technology,Semiconductors,"Phoenix, Arizona",2022-06-21,1097864,1999,/wiki/ON_Semiconductor,https://en.wikipedia.org/wiki/ON_Semiconductor
OKE,ONEOK,Energy,Oil & Gas Storage & Transportation,"Tulsa, Oklahoma",2010-03-15,1039684,1906,/wiki/Oneok,https://en.wikipedia.org/wiki/Oneok
ORCL,Oracle Corporation,Information Technology,Application Software,"Austin, Texas",1989-08-31,1341439,1977,/wiki/Oracle_Corporation,https://en.wikipedia.org/wiki/Oracle_Corporation
OTIS,Otis Worldwide,Industrials,Industrial Machinery & Supplies & Components,"Farmington, Connecticut",2020-04-03,1781335,"2020 (1853, United Technologies spinoff)",/wiki/Otis_Worldwide,https://en.wikipedia.org/wiki/Otis_Worldwide
PCAR,Paccar,Industrials,Construction Machinery & Heavy Transportation Equipment,"Bellevue, Washington",1980-12-31,75362,1905,/wiki/Paccar,https://en.wikipedia.org/wiki/Paccar
PKG,Packaging Corporation of America,Materials,Paper & Plastic Packaging Products & Materials,"Lake Forest, Illinois",2017-07-26,75677,1959,/wiki/Packaging_Corporation_of_America,https://en.wikipedia.org/wiki/Packaging_Corporation_of_America
PANW,Palo Alto Networks,Information Technology,Systems Software,"Santa Clara, California",2023-06-20,1327567,2005,/wiki/Palo_Alto_Networks,https://en.wikipedia.org/wiki/Palo_Alto_Networks
PARA,Paramount Global,Communication Services,Movies & Entertainment,"New York City, New York",1994-09-30,813828,2019 (Paramount Pictures 1912),/wiki/Paramount_Global,https://en.wikipedia.org/wiki/Paramount_Global
PH,Parker Hannifin,Industrials,Industrial Machinery & Supplies & Components,"Cleveland, Ohio",1985-11-30,76334,1917,/wiki/Parker_Hannifin,https://en.wikipedia.org/wiki/Parker_Hannifin
PAYX,Paychex,Industrials,Human Resource & Employment Services,"Penfield, New York",1998-10-01,723531,1971,/wiki/Paychex,https://en.wikipedia.org/wiki/Paychex
PAYC,Paycom,Industrials,Human Resource & Employment Services,"Oklahoma City, Oklahoma",2020-01-28,1590955,1998,/wiki/Paycom,https://en.wikipedia.org/wiki/Paycom
PYPL,PayPal,Financials,Transaction & Payment Processing Services,"San Jose, California",2015-07-20,1633917,1998,/wiki/PayPal,https://en.wikipedia.org/wiki/PayPal
PNR,Pentair,Industrials,Industrial Machinery & Supplies & Components,"Worsley, United Kingdom",2012-10-01,77360,1966,/wiki/Pentair,https://en.wikipedia.org/wiki/Pentair
PEP,PepsiCo,Consumer Staples,Soft Drinks & Non-alcoholic Beverages,"Purchase, New York",1957-03-04,77476,1898,/wiki/PepsiCo,https://en.wikipedia.org/wiki/PepsiCo
PFE,Pfizer,Health Care,Pharmaceuticals,"New York City, New York",1957-03-04,78003,1849,/wiki/Pfizer,https://en.wikipedia.org/wiki/Pfizer
PCG,PG&E Corporation,Utilities,Multi-Utilities,"Oakland, California",2022-10-03,1004980,1905,/wiki/PG%26E,https://en.wikipedia.org/wiki/PG%26E
PM,Philip Morris International,Consumer Staples,Tobacco,"New York City, New York",2008-03-31,1413329,2008 (1847),/wiki/Philip_Morris_International,https://en.wikipedia.org/wiki/Philip_Morris_International
PSX,Phillips 66,Energy,Oil & Gas Refining & Marketing,"Houston, Texas",2012-05-01,1534701,2012 (1917),/wiki/Phillips_66,https://en.wikipedia.org/wiki/Phillips_66
PNW,Pinnacle West,Utilities,Multi-Utilities,"Phoenix, Arizona",1999-10-04,764622,1985,/wiki/Pinnacle_West,https://en.wikipedia.org/wiki/Pinnacle_West
PNC,PNC Financial Services,Financials,Regional Banks,"Pittsburgh, Pennsylvania",1988-04-30,713676,1845,/wiki/PNC_Financial_Services,https://en.wikipedia.org/wiki/PNC_Financial_Services
POOL,Pool Corporation,Consumer Discretionary,Distributors,"Covington, Louisiana",2020-10-07,945841,1993,/wiki/Pool_Corporation,https://en.wikipedia.org/wiki/Pool_Corporation
PPG,PPG Industries,Materials,Specialty Chemicals,"Pittsburgh, Pennsylvania",1957-03-04,79879,1883,/wiki/PPG_Industries,https://en.wikipedia.org/wiki/PPG_Industries
PPL,PPL Corporation,Utilities,Electric Utilities,"Allentown, Pennsylvania",2001-10-01,922224,1920,/wiki/PPL_Corporation,https://en.wikipedia.org/wiki/PPL_Corporation
PFG,Principal Financial Group,Financials,Life & Health Insurance,"Des Moines, Iowa",2002-07-22,1126328,1879,/wiki/Principal_Financial_Group,https://en.wikipedia.org/wiki/Principal_Financial_Group
PG,Procter & Gamble,Consumer Staples,Personal Care Products,"Cincinnati, Ohio",1957-03-04,80424,1837,/wiki/Procter_%26_Gamble,https://en.wikipedia.org/wiki/Procter_%26_Gamble
PGR,Progressive Corporation,Financials,Property & Casualty Insurance,"Mayfield Village, Ohio",1997-08-04,80661,1937,/wiki/Progressive_Corporation,https://en.wikipedia.org/wiki/Progressive_Corporation
PLD,Prologis,Real Estate,Industrial REITs,"San Francisco, California",2003-07-17,1045609,1983,/wiki/Prologis,https://en.wikipedia.org/wiki/Prologis
PRU,Prudential Financial,Financials,Life & Health Insurance,"Newark, New Jersey",2002-07-22,1137774,1875,/wiki/Prudential_Financial,https://en.wikipedia.org/wiki/Prudential_Financial
PEG,Public Service Enterprise Group,Utilities,Electric Utilities,"Newark, New Jersey",1957-03-04,788784,1903,/wiki/Public_Service_Enterprise_Group,https://en.wikipedia.org/wiki/Public_Service_Enterprise_Group
PTC,PTC,Information Technology,Application Software,"Boston, Massachusetts",2021-04-20,857005,1985,/wiki/PTC_(software_company),https://en.wikipedia.org/wiki/PTC_(software_company)
PSA,Public Storage,Real Estate,Self-Storage REITs,"Glendale, California",2005-08-19,1393311,1972,/wiki/Public_Storage,https://en.wikipedia.org/wiki/Public_Storage
PHM,PulteGroup,Consumer Discretionary,Homebuilding,"Atlanta, Georgia",1984-04-30,822416,1956,/wiki/PulteGroup,https://en.wikipedia.org/wiki/PulteGroup
QRVO,Qorvo,Information Technology,Semiconductors,"Greensboro, North Carolina",2015-06-11,1604778,2015,/wiki/Qorvo,https://en.wikipedia.org/wiki/Qorvo
PWR,Quanta Services,Industrials,Construction & Engineering,"Houston, Texas",2009-07-01,1050915,1997,/wiki/Quanta_Services,https://en.wikipedia.org/wiki/Quanta_Services
QCOM,Qualcomm,Information Technology,Semiconductors,"San Diego, California",1999-07-22,804328,1985,/wiki/Qualcomm,https://en.wikipedia.org/wiki/Qualcomm
DGX,Quest Diagnostics,Health Care,Health Care Services,"Secaucus, New Jersey",2002-12-12,1022079,1967,/wiki/Quest_Diagnostics,https://en.wikipedia.org/wiki/Quest_Diagnostics
RL,Ralph Lauren Corporation,Consumer Discretionary,"Apparel, Accessories & Luxury Goods","New York City, New York",2007-02-02,1037038,1967,/wiki/Ralph_Lauren_Corporation,https://en.wikipedia.org/wiki/Ralph_Lauren_Corporation
RJF,Raymond James,Financials,Investment Banking & Brokerage,"St. Petersburg, Florida",2017-03-20,720005,1962,/wiki/Raymond_James,https://en.wikipedia.org/wiki/Raymond_James
RTX,RTX Corporation,Industrials,Aerospace & Defense,"Waltham, Massachusetts",1957-03-04,101829,1922,/wiki/RTX_Corporation,https://en.wikipedia.org/wiki/RTX_Corporation
O,Realty Income,Real Estate,Retail REITs,"San Diego, California",2015-04-07,726728,1969,/wiki/Realty_Income,https://en.wikipedia.org/wiki/Realty_Income
REG,Regency Centers,Real Estate,Retail REITs,"Jacksonville, Florida",2017-03-02,910606,1963,/wiki/Regency_Centers,https://en.wikipedia.org/wiki/Regency_Centers
REGN,Regeneron,Health Care,Biotechnology,"Tarrytown, New York",2013-05-01,872589,1988,/wiki/Regeneron,https://en.wikipedia.org/wiki/Regeneron
RF,Regions Financial Corporation,Financials,Regional Banks,"Birmingham, Alabama",1998-08-28,1281761,1971,/wiki/Regions_Financial_Corporation,https://en.wikipedia.org/wiki/Regions_Financial_Corporation
RSG,Republic Services,Industrials,Environmental & Facilities Services,"Phoenix, Arizona",2008-12-05,1060391,1998 (1981),/wiki/Republic_Services,https://en.wikipedia.org/wiki/Republic_Services
RMD,ResMed,Health Care,Health Care Equipment,"San Diego, California",2017-07-26,943819,1989,/wiki/ResMed,https://en.wikipedia.org/wiki/ResMed
RVTY,Revvity,Health Care,Health Care Equipment,"Waltham, Massachusetts",1985-05-31,31791,1937,/wiki/Revvity,https://en.wikipedia.org/wiki/Revvity
ROK,Rockwell Automation,Industrials,Electrical Components & Equipment,"Milwaukee, Wisconsin",2000-03-12,1024478,1903,/wiki/Rockwell_Automation,https://en.wikipedia.org/wiki/Rockwell_Automation
ROL,"Rollins, Inc.",Industrials,Environmental & Facilities Services,"Atlanta, Georgia",2018-10-01,84839,1948,"/wiki/Rollins,_Inc.","https://en.wikipedia.org/wiki/Rollins,_Inc."
ROP,Roper Technologies,Information Technology,Electronic Equipment & Instruments,"Sarasota, Florida",2009-12-23,882835,1981,/wiki/Roper_Technologies,https://en.wikipedia.org/wiki/Roper_Technologies
ROST,Ross Stores,Consumer Discretionary,Apparel Retail,"Dublin, California",2009-12-21,745732,1982,/wiki/Ross_Stores,https://en.wikipedia.org/wiki/Ross_Stores
RCL,Royal Caribbean Group,Consumer Discretionary,"Hotels, Resorts & Cruise Lines","Miami, Florida",2014-12-05,884887,1997,/wiki/Royal_Caribbean_Group,https://en.wikipedia.org/wiki/Royal_Caribbean_Group
SPGI,S&P Global,Financials,Financial Exchanges & Data,"New York City, New York",1957-03-04,64040,1917,/wiki/S%26P_Global,https://en.wikipedia.org/wiki/S%26P_Global
CRM,Salesforce,Information Technology,Application Software,"San Francisco, California",2008-09-15,1108524,1999,/wiki/Salesforce,https://en.wikipedia.org/wiki/Salesforce
SBAC,SBA Communications,Real Estate,Telecom Tower REITs,"Boca Raton, Florida",2017-09-01,1034054,1989,/wiki/SBA_Communications,https://en.wikipedia.org/wiki/SBA_Communications
SLB,Schlumberger,Energy,Oil & Gas Equipment & Services,"Houston, Texas",1957-03-04,87347,1926,/wiki/Schlumberger,https://en.wikipedia.org/wiki/Schlumberger
STX,Seagate Technology,Information Technology,"Technology Hardware, Storage & Peripherals","Dublin, Ireland",2012-07-02,1137789,1979,/wiki/Seagate_Technology,https://en.wikipedia.org/wiki/Seagate_Technology
SRE,Sempra,Utilities,Multi-Utilities,"San Diego, California",2017-03-17,1032208,1998,/wiki/Sempra,https://en.wikipedia.org/wiki/Sempra
NOW,ServiceNow,Information Technology,Systems Software,"Santa Clara, California",2019-11-21,1373715,2003,/wiki/ServiceNow,https://en.wikipedia.org/wiki/ServiceNow
SHW,Sherwin-Williams,Materials,Specialty Chemicals,"Cleveland, Ohio",1964-06-30,89800,1866,/wiki/Sherwin-Williams,https://en.wikipedia.org/wiki/Sherwin-Williams
SPG,Simon Property Group,Real Estate,Retail REITs,"Indianapolis, Indiana",2002-06-26,1063761,2003,/wiki/Simon_Property_Group,https://en.wikipedia.org/wiki/Simon_Property_Group
SWKS,Skyworks Solutions,Information Technology,Semiconductors,"Irvine, California",2015-03-12,4127,2002,/wiki/Skyworks_Solutions,https://en.wikipedia.org/wiki/Skyworks_Solutions
SJM,J.M. Smucker Company (The),Consumer Staples,Packaged Foods & Meats,"Orrville, Ohio",2008-11-06,91419,1897,/wiki/The_J.M._Smucker_Company,https://en.wikipedia.org/wiki/The_J.M._Smucker_Company
SW,Smurfit WestRock,Materials,Paper & Plastic Packaging Products & Materials,"Dublin, Ireland",2024-07-08,2005951,1934,/wiki/Smurfit_WestRock,https://en.wikipedia.org/wiki/Smurfit_WestRock
SNA,Snap-on,Industrials,Industrial Machinery & Supplies & Components,"Kenosha, Wisconsin",1982-09-30,91440,1920,/wiki/Snap-on,https://en.wikipedia.org/wiki/Snap-on
SOLV,Solventum,Health Care,Health Care Technology,"Saint Paul, Minnesota",2024-04-01,1964738,2023,/wiki/Solventum,https://en.wikipedia.org/wiki/Solventum
SO,Southern Company,Utilities,Electric Utilities,"Atlanta, Georgia",1957-03-04,92122,1945,/wiki/Southern_Company,https://en.wikipedia.org/wiki/Southern_Company
LUV,Southwest Airlines,Industrials,Passenger Airlines,"Dallas, Texas",1994-07-01,92380,1967,/wiki/Southwest_Airlines,https://en.wikipedia.org/wiki/Southwest_Airlines
SWK,Stanley Black & Decker,Industrials,Industrial Machinery & Supplies & Components,"New Britain, Connecticut",1982-09-30,93556,1843,/wiki/Stanley_Black_%26_Decker,https://en.wikipedia.org/wiki/Stanley_Black_%26_Decker
SBUX,Starbucks,Consumer Discretionary,Restaurants,"Seattle, Washington",2000-06-07,829224,1971,/wiki/Starbucks,https://en.wikipedia.org/wiki/Starbucks
STT,State Street Corporation,Financials,Asset Management & Custody Banks,"Boston, Massachusetts",2003-03-14,93751,1792,/wiki/State_Street_Corporation,https://en.wikipedia.org/wiki/State_Street_Corporation
STLD,Steel Dynamics,Materials,Steel,"Fort Wayne, Indiana",2022-12-22,1022671,1993,/wiki/Steel_Dynamics,https://en.wikipedia.org/wiki/Steel_Dynamics
STE,Steris,Health Care,Health Care Equipment,"Dublin, Ireland",2019-12-23,1757898,1985,/wiki/Steris,https://en.wikipedia.org/wiki/Steris
SYK,Stryker Corporation,Health Care,Health Care Equipment,"Kalamazoo, Michigan",2000-12-12,310764,1941,/wiki/Stryker_Corporation,https://en.wikipedia.org/wiki/Stryker_Corporation
SMCI,Supermicro,Information Technology,"Technology Hardware, Storage & Peripherals","San Jose, California",2024-03-18,1375365,1993,/wiki/Supermicro,https://en.wikipedia.org/wiki/Supermicro
SYF,Synchrony Financial,Financials,Consumer Finance,"Stamford, Connecticut",2015-11-18,1601712,2003,/wiki/Synchrony_Financial,https://en.wikipedia.org/wiki/Synchrony_Financial
SNPS,Synopsys,Information Technology,Application Software,"Sunnyvale, California",2017-03-16,883241,1986,/wiki/Synopsys,https://en.wikipedia.org/wiki/Synopsys
SYY,Sysco,Consumer Staples,Food Distributors,"Houston, Texas",1986-12-31,96021,1969,/wiki/Sysco,https://en.wikipedia.org/wiki/Sysco
TMUS,T-Mobile US,Communication Services,Wireless Telecommunication Services,"Bellevue, Washington",2019-07-15,1283699,1994,/wiki/T-Mobile_US,https://en.wikipedia.org/wiki/T-Mobile_US
TROW,T. Rowe Price,Financials,Asset Management & Custody Banks,"Baltimore, Maryland",2019-07-29,1113169,1937,/wiki/T._Rowe_Price,https://en.wikipedia.org/wiki/T._Rowe_Price
TTWO,Take-Two Interactive,Communication Services,Interactive Home Entertainment,"New York City, New York",2018-03-19,946581,1993,/wiki/Take-Two_Interactive,https://en.wikipedia.org/wiki/Take-Two_Interactive
TPR,"Tapestry, Inc.",Consumer Discretionary,"Apparel, Accessories & Luxury Goods","New York City, New York",2004-09-01,1116132,2017,"/wiki/Tapestry,_Inc.","https://en.wikipedia.org/wiki/Tapestry,_Inc."
TRGP,Targa Resources,Energy,Oil & Gas Storage & Transportation,"Houston, Texas",2022-10-12,1389170,2005,/wiki/Targa_Resources,https://en.wikipedia.org/wiki/Targa_Resources
TGT,Target Corporation,Consumer Staples,Consumer Staples Merchandise Retail,"Minneapolis, Minnesota",1976-12-31,27419,1902,/wiki/Target_Corporation,https://en.wikipedia.org/wiki/Target_Corporation
TEL,TE Connectivity,Information Technology,Electronic Manufacturing Services,"Schaffhausen, Switzerland",2011-10-17,1385157,2007,/wiki/TE_Connectivity,https://en.wikipedia.org/wiki/TE_Connectivity
TDY,Teledyne Technologies,Information Technology,Electronic Equipment & Instruments,"Thousand Oaks, California",2020-06-22,1094285,1960,/wiki/Teledyne_Technologies,https://en.wikipedia.org/wiki/Teledyne_Technologies
TFX,Teleflex,Health Care,Health Care Equipment,"Wayne, Pennsylvania",2019-01-18,96943,1943,/wiki/Teleflex,https://en.wikipedia.org/wiki/Teleflex
TER,Teradyne,Information Technology,Semiconductor Materials & Equipment,"North Reading, Massachusetts",2020-09-21,97210,1960,/wiki/Teradyne,https://en.wikipedia.org/wiki/Teradyne
TSLA,"Tesla, Inc.",Consumer Discretionary,Automobile Manufacturers,"Austin, Texas",2020-12-21,1318605,2003,"/wiki/Tesla,_Inc.","https://en.wikipedia.org/wiki/Tesla,_Inc."
TXN,Texas Instruments,Information Technology,Semiconductors,"Dallas, Texas",2001-03-12,97476,1930,/wiki/Texas_Instruments,https://en.wikipedia.org/wiki/Texas_Instruments
TXT,Textron,Industrials,Aerospace & Defense,"Providence, Rhode Island",1978-12-31,217346,1923,/wiki/Textron,https://en.wikipedia.org/wiki/Textron
TMO,Thermo Fisher Scientific,Health Care,Life Sciences Tools & Services,"Waltham, Massachusetts",2004-08-03,97745,2006 (1902),/wiki/Thermo_Fisher_Scientific,https://en.wikipedia.org/wiki/Thermo_Fisher_Scientific
TJX,TJX Companies,Consumer Discretionary,Apparel Retail,"Framingham, Massachusetts",1985-09-30,109198,1987,/wiki/TJX_Companies,https://en.wikipedia.org/wiki/TJX_Companies
TSCO,Tractor Supply,Consumer Discretionary,Other Specialty Retail,"Brentwood, Tennessee",2014-01-24,916365,1938,/wiki/Tractor_Supply,https://en.wikipedia.org/wiki/Tractor_Supply
TT,Trane Technologies,Industrials,Building Products,"Dublin, Ireland",2010-11-17,1466258,1871,/wiki/Trane_Technologies,https://en.wikipedia.org/wiki/Trane_Technologies
TDG,TransDigm Group,Industrials,Aerospace & Defense,"Cleveland, Ohio",2016-06-03,1260221,1993,/wiki/TransDigm_Group,https://en.wikipedia.org/wiki/TransDigm_Group
TRV,Travelers Companies (The),Financials,Property & Casualty Insurance,"New York City, New York",2002-08-21,86312,1853,/wiki/The_Travelers_Companies,https://en.wikipedia.org/wiki/The_Travelers_Companies
TRMB,Trimble Inc.,Information Technology,Electronic Equipment & Instruments,"Westminster, Colorado",2021-01-21,864749,1978,/wiki/Trimble_Inc.,https://en.wikipedia.org/wiki/Trimble_Inc.
TFC,Truist,Financials,Regional Banks,"Charlotte, North Carolina",1997-12-04,92230,1872,/wiki/Truist_Financial,https://en.wikipedia.org/wiki/Truist_Financial
TYL,Tyler Technologies,Information Technology,Application Software,"Plano, Texas",2020-06-22,860731,1966,/wiki/Tyler_Technologies,https://en.wikipedia.org/wiki/Tyler_Technologies
TSN,Tyson Foods,Consumer Staples,Packaged Foods & Meats,"Springdale, Arkansas",2005-08-10,100493,1935,/wiki/Tyson_Foods,https://en.wikipedia.org/wiki/Tyson_Foods
USB,U.S. Bank,Financials,Diversified Banks,"Minneapolis, Minnesota",1999-11-01,36104,1968,/wiki/U.S._Bank,https://en.wikipedia.org/wiki/U.S._Bank
UBER,Uber,Industrials,Passenger Ground Transportation,"San Francisco, California",2023-12-18,1543151,2009,/wiki/Uber,https://en.wikipedia.org/wiki/Uber
UDR,"UDR, Inc.",Real Estate,Multi-Family Residential REITs,"Highlands Ranch, Colorado",2016-03-07,74208,1972,"/wiki/UDR,_Inc.","https://en.wikipedia.org/wiki/UDR,_Inc."
ULTA,Ulta Beauty,Consumer Discretionary,Other Specialty Retail,"Bolingbrook, Illinois",2016-04-18,1403568,1990,/wiki/Ulta_Beauty,https://en.wikipedia.org/wiki/Ulta_Beauty
UNP,Union Pacific Corporation,Industrials,Rail Transportation,"Omaha, Nebraska",1957-03-04,100885,1862,/wiki/Union_Pacific_Corporation,https://en.wikipedia.org/wiki/Union_Pacific_Corporation
UAL,United Airlines Holdings,Industrials,Passenger Airlines,"Chicago, Illinois",2015-09-03,100517,1967,/wiki/United_Airlines_Holdings,https://en.wikipedia.org/wiki/United_Airlines_Holdings
UPS,United Parcel Service,Industrials,Air Freight & Logistics,"Sandy Springs, Georgia",2002-07-22,1090727,1907,/wiki/United_Parcel_Service,https://en.wikipedia.org/wiki/United_Parcel_Service
URI,United Rentals,Industrials,Trading Companies & Distributors,"Stamford, Connecticut",2014-09-20,1067701,1997,/wiki/United_Rentals,https://en.wikipedia.org/wiki/United_Rentals
UNH,UnitedHealth Group,Health Care,Managed Health Care,"Minnetonka, Minnesota",1994-07-01,731766,1977,/wiki/UnitedHealth_Group,https://en.wikipedia.org/wiki/UnitedHealth_Group
UHS,Universal Health Services,Health Care,Health Care Facilities,"King of Prussia, Pennsylvania",2014-09-20,352915,1979,/wiki/Universal_Health_Services,https://en.wikipedia.org/wiki/Universal_Health_Services
VLO,Valero Energy,Energy,Oil & Gas Refining & Marketing,"San Antonio, Texas",2002-12-20,1035002,1980,/wiki/Valero_Energy,https://en.wikipedia.org/wiki/Valero_Energy
VTR,Ventas,Real Estate,Health Care REITs,"Chicago, Illinois",2009-03-04,740260,1998,/wiki/Ventas_(company),https://en.wikipedia.org/wiki/Ventas_(company)
VLTO,Veralto,Industrials,Environmental & Facilities Services,"Waltham, Massachusetts",2023-10-02,1967680,2023,/wiki/Veralto,https://en.wikipedia.org/wiki/Veralto
VRSN,Verisign,Information Technology,Internet Services & Infrastructure,"Dulles, Virginia",2006-02-01,1014473,1995,/wiki/Verisign,https://en.wikipedia.org/wiki/Verisign
VRSK,Verisk,Industrials,Research & Consulting Services,"Jersey City, New Jersey",2015-10-08,1442145,1971,/wiki/Verisk,https://en.wikipedia.org/wiki/Verisk
VZ,Verizon,Communication Services,Integrated Telecommunication Services,"New York City, New York",1983-11-30,732712,1983 (1877),/wiki/Verizon,https://en.wikipedia.org/wiki/Verizon
VRTX,Vertex Pharmaceuticals,Health Care,Biotechnology,"Boston, Massachusetts",2013-09-23,875320,1989,/wiki/Vertex_Pharmaceuticals,https://en.wikipedia.org/wiki/Vertex_Pharmaceuticals
VTRS,Viatris,Health Care,Pharmaceuticals,"Pittsburgh, Pennsylvania",2004-04-23,1792044,1961,/wiki/Viatris,https://en.wikipedia.org/wiki/Viatris
VICI,Vici Properties,Real Estate,Hotel & Resort REITs,"New York City, New York",2022-06-08,1705696,2017,/wiki/Vici_Properties,https://en.wikipedia.org/wiki/Vici_Properties
V,Visa Inc.,Financials,Transaction & Payment Processing Services,"San Francisco, California",2009-12-21,1403161,1958,/wiki/Visa_Inc.,https://en.wikipedia.org/wiki/Visa_Inc.
VST,Vistra,Utilities,Electric Utilities,"Irving, Texas",2024-05-08,1692819,2016,/wiki/Vistra_Corp,https://en.wikipedia.org/wiki/Vistra_Corp
VMC,Vulcan Materials Company,Materials,Construction Materials,"Birmingham, Alabama",1999-06-30,1396009,1909,/wiki/Vulcan_Materials_Company,https://en.wikipedia.org/wiki/Vulcan_Materials_Company
WRB,W. R. Berkley Corporation,Financials,Property & Casualty Insurance,"Greenwich, Connecticut",2019-12-05,11544,1967,/wiki/W._R._Berkley_Corporation,https://en.wikipedia.org/wiki/W._R._Berkley_Corporation
GWW,W. W. Grainger,Industrials,Industrial Machinery & Supplies & Components,"Lake Forest, Illinois",1981-06-30,277135,1927,/wiki/W._W._Grainger,https://en.wikipedia.org/wiki/W._W._Grainger
WAB,Wabtec,Industrials,Construction Machinery & Heavy Transportation Equipment,"Pittsburgh, Pennsylvania",2019-02-27,943452,1999 (1869),/wiki/Wabtec,https://en.wikipedia.org/wiki/Wabtec
WBA,Walgreens Boots Alliance,Consumer Staples,Drug Retail,"Deerfield, Illinois",1979-12-31,1618921,2014,/wiki/Walgreens_Boots_Alliance,https://en.wikipedia.org/wiki/Walgreens_Boots_Alliance
WMT,Walmart,Consumer Staples,Consumer Staples Merchandise Retail,"Bentonville, Arkansas",1982-08-31,104169,1962,/wiki/Walmart,https://en.wikipedia.org/wiki/Walmart
DIS,Walt Disney Company (The),Communication Services,Movies & Entertainment,"Burbank, California",1976-06-30,1744489,1923,/wiki/The_Walt_Disney_Company,https://en.wikipedia.org/wiki/The_Walt_Disney_Company
WBD,Warner Bros. Discovery,Communication Services,Broadcasting,"New York City, New York",2022-04-11,1437107,2022 (Warner Bros. 1923),/wiki/Warner_Bros._Discovery,https://en.wikipedia.org/wiki/Warner_Bros._Discovery
WM,Waste Management,Industrials,Environmental & Facilities Services,"Houston, Texas",1998-08-31,823768,1968,/wiki/Waste_Management_(corporation),https://en.wikipedia.org/wiki/Waste_Management_(corporation)
WAT,Waters Corporation,Health Care,Life Sciences Tools & Services,"Milford, Massachusetts",2002-01-02,1000697,1958,/wiki/Waters_Corporation,https://en.wikipedia.org/wiki/Waters_Corporation
WEC,WEC Energy Group,Utilities,Electric Utilities,"Milwaukee, Wisconsin",2008-10-31,783325,1896,/wiki/WEC_Energy_Group,https://en.wikipedia.org/wiki/WEC_Energy_Group
WFC,Wells Fargo,Financials,Diversified Banks,"San Francisco, California",1976-06-30,72971,1852,/wiki/Wells_Fargo,https://en.wikipedia.org/wiki/Wells_Fargo
WELL,Welltower,Real Estate,Health Care REITs,"Toledo, Ohio",2009-01-30,766704,1970,/wiki/Welltower,https://en.wikipedia.org/wiki/Welltower
WST,West Pharmaceutical Services,Health Care,Health Care Supplies,"Exton, Pennsylvania",2020-05-22,105770,1923,/wiki/West_Pharmaceutical_Services,https://en.wikipedia.org/wiki/West_Pharmaceutical_Services
WDC,Western Digital,Information Technology,"Technology Hardware, Storage & Peripherals","San Jose, California",2009-07-01,106040,1970,/wiki/Western_Digital,https://en.wikipedia.org/wiki/Western_Digital
WY,Weyerhaeuser,Real Estate,Timber REITs,"Seattle, Washington",1979-10-01,106535,1900,/wiki/Weyerhaeuser,https://en.wikipedia.org/wiki/Weyerhaeuser
WMB,Williams Companies,Energy,Oil & Gas Storage & Transportation,"Tulsa, Oklahoma",1975-03-31,107263,1908,/wiki/Williams_Companies,https://en.wikipedia.org/wiki/Williams_Companies
WTW,Willis Towers Watson,Financials,Insurance Brokers,"London, United Kingdom",2016-01-05,1140536,2016,/wiki/Willis_Towers_Watson,https://en.wikipedia.org/wiki/Willis_Towers_Watson
WYNN,Wynn Resorts,Consumer Discretionary,Casinos & Gaming,"Paradise, Nevada",2008-11-14,1174922,2002,/wiki/Wynn_Resorts,https://en.wikipedia.org/wiki/Wynn_Resorts
XEL,Xcel Energy,Utilities,Multi-Utilities,"Minneapolis, Minnesota",1957-03-04,72903,1909,/wiki/Xcel_Energy,https://en.wikipedia.org/wiki/Xcel_Energy
XYL,Xylem Inc.,Industrials,Industrial Machinery & Supplies & Components,"White Plains, New York",2011-11-01,1524472,2011,/wiki/Xylem_Inc.,https://en.wikipedia.org/wiki/Xylem_Inc.
YUM,Yum! Brands,Consumer Discretionary,Restaurants,"Louisville, Kentucky",1997-10-06,1041061,1997,/wiki/Yum!_Brands,https://en.wikipedia.org/wiki/Yum!_Brands
ZBRA,Zebra Technologies,Information Technology,Electronic Equipment & Instruments,"Lincolnshire, Illinois",2019-12-23,877212,1969,/wiki/Zebra_Technologies,https://en.wikipedia.org/wiki/Zebra_Technologies
ZBH,Zimmer Biomet,Health Care,Health Care Equipment,"Warsaw, Indiana",2001-08-07,1136869,1927,/wiki/Zimmer_Biomet,https://en.wikipedia.org/wiki/Zimmer_Biomet
ZTS,Zoetis,Health Care,Pharmaceuticals,"Parsippany, New Jersey",2013-06-21,1555280,1952,/wiki/Zoetis,https://en.wikipedia.org/wiki/Zoetis
